applicant_id,age,gender,race,policy_type,policy_approved
1,34,Male,Black,Life,1
2,76,Female,White,Health,0
3,28,Female,White,Life,0
4,46,Female,Hispanic,Auto,1
5,51,Female,Hispanic,Health,0
6,77,Male,Black,Auto,0
7,68,Female,Black,Life,1
8,54,Female,Black,Health,1
9,75,Male,White,Auto,1
10,66,Female,Asian,Auto,1
11,65,Non-binary,White,Auto,0
12,77,Female,White,Home,0
13,43,Male,White,Health,1
14,62,Female,White,Auto,1
15,62,Male,White,Auto,1
16,62,Female,Black,Health,0
17,49,Female,White,Home,1
18,54,Female,Hispanic,Health,1
19,22,Female,Black,Health,0
20,37,Male,White,Life,0
21,68,Female,White,Health,0
22,24,Male,White,Life,1
23,60,Male,White,Life,0
24,40,Male,White,Health,1
25,18,Male,White,Health,0
26,56,Non-binary,White,Health,0
27,20,Female,White,Health,1
28,62,Female,White,Health,1
29,20,Male,Hispanic,Life,0
30,23,Female,White,Life,1
31,48,Female,White,Health,1
32,71,Male,White,Life,1
33,44,Non-binary,White,Health,1
34,46,Female,Hispanic,Auto,1
35,32,Female,White,Health,1
36,53,Male,White,Health,1
37,22,Male,Black,Life,1
38,20,Female,White,Auto,1
39,68,Female,White,Auto,1
40,42,Female,White,Auto,0
41,49,Female,White,Health,1
42,38,Female,White,Life,0
43,65,Female,Other,Life,0
44,34,Male,White,Health,1
45,26,Female,White,Health,1
46,43,Male,Black,Auto,0
47,39,Male,Hispanic,Auto,1
48,58,Non-binary,Black,Auto,1
49,63,Male,Hispanic,Auto,1
50,76,Male,White,Home,1
51,40,Male,White,Health,1
52,28,Male,Hispanic,Auto,1
53,75,Male,Hispanic,Auto,1
54,27,Male,White,Auto,1
55,40,Female,White,Health,0
56,22,Female,Black,Auto,1
57,72,Female,White,Auto,1
58,43,Non-binary,Asian,Auto,1
59,21,Female,White,Health,1
60,60,Male,Black,Auto,1
61,44,Male,White,Home,0
62,55,Female,White,Life,0
63,51,Female,White,Life,1
64,75,Male,White,Auto,1
65,20,Male,White,Health,1
66,67,Female,Hispanic,Auto,0
67,49,Female,White,Health,1
68,43,Female,White,Life,1
69,35,Male,White,Health,1
70,24,Female,Black,Life,1
71,70,Female,White,Life,1
72,62,Female,Other,Home,0
73,30,Female,Hispanic,Life,0
74,23,Female,Hispanic,Auto,0
75,52,Female,White,Auto,1
76,48,Female,Hispanic,Health,1
77,59,Male,White,Health,0
78,70,Female,Black,Health,0
79,54,Female,White,Health,1
80,60,Female,White,Home,1
81,21,Non-binary,White,Health,1
82,59,Non-binary,White,Life,0
83,21,Female,White,Health,1
84,77,Male,White,Home,1
85,62,Male,Black,Health,1
86,25,Female,Other,Auto,1
87,55,Male,Hispanic,Auto,1
88,28,Non-binary,White,Life,0
89,19,Male,White,Health,1
90,35,Female,White,Life,0
91,35,Female,White,Auto,1
92,39,Male,Other,Health,1
93,29,Female,White,Health,0
94,34,Female,Hispanic,Life,0
95,68,Male,Hispanic,Health,0
96,34,Male,Black,Home,1
97,53,Female,Asian,Health,1
98,46,Male,White,Auto,1
99,66,Female,White,Auto,1
100,33,Male,Hispanic,Auto,1
101,58,Male,White,Health,1
102,28,Male,White,Life,0
103,61,Male,White,Life,1
104,60,Male,Hispanic,Auto,0
105,62,Non-binary,White,Auto,1
106,39,Male,Asian,Auto,1
107,47,Male,White,Home,0
108,25,Male,Black,Home,1
109,63,Female,Black,Health,0
110,35,Female,White,Health,0
111,63,Female,White,Home,0
112,33,Male,Hispanic,Health,0
113,64,Female,Black,Home,1
114,71,Female,Hispanic,Auto,1
115,37,Female,White,Health,1
116,56,Male,White,Health,1
117,25,Female,White,Auto,0
118,47,Male,White,Life,0
119,55,Male,Black,Health,1
120,46,Male,White,Health,1
121,30,Male,Hispanic,Home,1
122,34,Male,White,Health,1
123,57,Female,White,Auto,1
124,60,Female,Hispanic,Auto,0
125,34,Female,Asian,Health,1
126,26,Male,Asian,Health,1
127,19,Female,Hispanic,Health,0
128,76,Female,Black,Health,0
129,59,Male,Asian,Auto,1
130,71,Female,Hispanic,Auto,0
131,41,Female,Other,Auto,1
132,38,Male,White,Auto,1
133,63,Male,Asian,Health,0
134,19,Male,White,Health,1
135,22,Non-binary,White,Health,1
136,34,Male,White,Auto,1
137,41,Male,Hispanic,Home,0
138,25,Female,White,Health,1
139,47,Female,Other,Auto,1
140,67,Male,White,Life,1
141,39,Female,White,Life,1
142,76,Female,White,Home,1
143,41,Female,White,Health,1
144,43,Female,Black,Health,0
145,25,Male,Black,Health,1
146,29,Female,White,Health,1
147,31,Female,White,Auto,1
148,47,Female,White,Home,1
149,72,Female,Hispanic,Auto,0
150,52,Female,White,Health,1
151,48,Male,White,Health,1
152,45,Male,White,Home,0
153,63,Male,Hispanic,Auto,1
154,44,Male,White,Home,1
155,53,Female,White,Life,1
156,18,Male,Black,Home,0
157,58,Male,Other,Life,1
158,31,Female,Black,Auto,0
159,75,Female,White,Life,1
160,27,Female,White,Auto,0
161,67,Female,Other,Health,1
162,59,Female,White,Health,1
163,24,Female,White,Health,0
164,57,Female,White,Health,1
165,31,Non-binary,Other,Health,1
166,53,Male,Hispanic,Auto,1
167,44,Female,Black,Home,0
168,28,Female,White,Auto,1
169,59,Female,White,Auto,1
170,66,Female,White,Health,0
171,54,Female,White,Health,1
172,59,Female,Asian,Auto,1
173,27,Male,White,Life,1
174,71,Male,White,Health,1
175,24,Male,Asian,Auto,0
176,34,Male,White,Life,1
177,69,Male,Hispanic,Health,0
178,29,Female,Black,Health,1
179,54,Female,Asian,Life,1
180,54,Female,Hispanic,Auto,0
181,72,Female,Hispanic,Health,1
182,53,Female,White,Health,1
183,75,Male,White,Auto,1
184,24,Female,Asian,Health,1
185,41,Female,White,Life,0
186,51,Male,Hispanic,Health,1
187,18,Male,White,Health,0
188,46,Male,White,Health,0
189,43,Female,White,Home,1
190,27,Female,White,Life,0
191,18,Female,Other,Home,1
192,62,Male,Hispanic,Auto,1
193,34,Male,White,Life,0
194,58,Male,Hispanic,Life,1
195,53,Male,White,Health,1
196,26,Male,Hispanic,Home,1
197,56,Male,Hispanic,Life,1
198,40,Female,White,Home,1
199,46,Male,White,Life,1
200,19,Male,Black,Life,1
201,35,Female,Other,Home,0
202,45,Female,Black,Auto,1
203,70,Female,Asian,Life,1
204,64,Male,Hispanic,Health,1
205,59,Female,Black,Life,0
206,66,Female,Asian,Life,0
207,24,Male,White,Life,0
208,28,Male,White,Life,0
209,24,Female,Hispanic,Auto,1
210,60,Female,White,Auto,1
211,41,Male,White,Health,1
212,72,Male,Black,Health,0
213,73,Female,White,Auto,1
214,32,Male,Asian,Auto,1
215,48,Female,Other,Health,0
216,68,Male,White,Health,0
217,36,Female,White,Health,1
218,73,Male,Hispanic,Life,0
219,74,Male,White,Auto,1
220,27,Non-binary,White,Health,1
221,65,Male,Hispanic,Life,1
222,69,Male,Hispanic,Health,1
223,25,Female,White,Auto,0
224,18,Male,Hispanic,Health,1
225,19,Male,Black,Home,0
226,46,Male,White,Health,0
227,59,Female,Black,Life,0
228,27,Female,White,Auto,1
229,59,Female,White,Health,1
230,26,Female,Hispanic,Health,1
231,67,Male,Asian,Health,0
232,48,Male,White,Life,1
233,49,Female,Asian,Health,1
234,19,Female,White,Life,1
235,41,Female,White,Auto,1
236,54,Non-binary,White,Health,1
237,70,Male,White,Health,0
238,60,Female,White,Home,0
239,23,Female,Asian,Health,0
240,25,Male,White,Health,1
241,57,Male,White,Auto,1
242,42,Female,Hispanic,Health,0
243,59,Female,White,Auto,0
244,60,Female,Black,Health,0
245,68,Female,White,Home,0
246,42,Female,White,Auto,0
247,63,Male,Hispanic,Home,0
248,28,Female,White,Health,1
249,52,Male,White,Health,1
250,18,Female,White,Home,0
251,77,Female,White,Health,1
252,76,Female,Black,Auto,0
253,70,Male,White,Health,0
254,40,Non-binary,Black,Home,1
255,20,Female,Black,Health,0
256,58,Female,White,Life,1
257,18,Male,Asian,Auto,0
258,71,Male,Other,Health,0
259,61,Female,Black,Health,0
260,29,Female,White,Home,1
261,55,Male,White,Life,1
262,57,Female,White,Auto,0
263,48,Female,White,Auto,1
264,46,Male,White,Health,1
265,52,Male,Hispanic,Auto,1
266,45,Male,White,Auto,1
267,38,Male,Other,Life,1
268,28,Male,White,Health,1
269,43,Female,Black,Home,0
270,28,Male,Asian,Health,1
271,22,Male,White,Health,0
272,73,Female,Asian,Home,1
273,24,Non-binary,White,Auto,1
274,68,Male,Other,Health,1
275,48,Non-binary,Other,Life,0
276,56,Male,White,Auto,0
277,59,Male,Hispanic,Health,1
278,25,Female,White,Auto,1
279,70,Female,White,Health,1
280,44,Female,White,Health,0
281,38,Female,White,Health,0
282,47,Male,Black,Auto,0
283,31,Female,White,Health,1
284,76,Female,Hispanic,Home,0
285,18,Female,White,Auto,1
286,62,Male,Other,Health,0
287,41,Male,White,Auto,1
288,23,Female,White,Life,1
289,23,Female,Hispanic,Auto,0
290,70,Male,Hispanic,Health,1
291,22,Male,Hispanic,Health,1
292,52,Male,White,Life,1
293,61,Female,White,Health,1
294,32,Male,White,Health,1
295,52,Male,White,Auto,1
296,65,Female,White,Health,1
297,67,Male,White,Home,1
298,58,Male,White,Life,0
299,25,Male,Hispanic,Auto,0
300,60,Male,Hispanic,Life,0
301,52,Male,White,Auto,0
302,22,Male,Black,Life,0
303,48,Male,White,Auto,0
304,59,Female,White,Health,0
305,48,Male,Hispanic,Home,0
306,54,Female,Black,Life,0
307,25,Male,Hispanic,Home,0
308,23,Male,White,Life,0
309,40,Female,Asian,Auto,1
310,70,Male,White,Health,0
311,33,Male,Hispanic,Health,1
312,61,Female,White,Health,0
313,66,Female,White,Health,1
314,25,Female,White,Auto,1
315,21,Female,White,Auto,0
316,49,Male,White,Health,1
317,70,Female,Asian,Auto,1
318,66,Female,White,Health,1
319,20,Male,Black,Auto,1
320,67,Female,Asian,Home,1
321,33,Male,Black,Auto,1
322,77,Female,White,Health,0
323,51,Male,Other,Auto,1
324,30,Female,White,Life,1
325,50,Male,White,Auto,0
326,39,Female,Hispanic,Home,1
327,48,Male,White,Health,1
328,41,Male,Hispanic,Health,1
329,20,Female,White,Health,1
330,50,Female,White,Life,1
331,47,Male,White,Auto,0
332,43,Female,Other,Health,1
333,51,Male,Asian,Health,1
334,68,Female,White,Auto,1
335,39,Female,White,Home,1
336,47,Female,White,Health,1
337,52,Female,Black,Health,1
338,42,Female,Hispanic,Auto,1
339,45,Male,Other,Health,1
340,50,Non-binary,Hispanic,Auto,0
341,40,Female,Black,Auto,1
342,43,Male,White,Auto,1
343,73,Male,White,Home,1
344,26,Female,Black,Health,1
345,25,Non-binary,White,Life,1
346,54,Male,Hispanic,Home,0
347,50,Female,White,Health,1
348,32,Male,White,Health,1
349,66,Female,White,Life,0
350,64,Female,Other,Life,0
351,25,Male,Hispanic,Health,1
352,72,Male,White,Auto,1
353,38,Female,Hispanic,Auto,1
354,75,Female,White,Health,1
355,20,Female,White,Life,1
356,26,Female,White,Auto,1
357,69,Female,Black,Home,0
358,31,Female,White,Auto,1
359,55,Female,Black,Auto,1
360,44,Female,White,Auto,1
361,37,Female,White,Health,1
362,74,Female,White,Life,0
363,21,Male,Hispanic,Auto,1
364,41,Female,Black,Life,0
365,44,Male,White,Life,1
366,29,Female,White,Auto,1
367,45,Male,White,Health,1
368,52,Female,White,Home,0
369,41,Male,White,Health,0
370,48,Male,White,Home,1
371,76,Male,Hispanic,Auto,0
372,20,Male,White,Health,1
373,47,Female,Hispanic,Home,1
374,44,Male,Hispanic,Life,0
375,70,Male,White,Life,1
376,34,Female,Black,Health,1
377,23,Male,White,Life,1
378,64,Male,Black,Auto,1
379,60,Female,White,Auto,0
380,35,Female,White,Home,1
381,77,Male,White,Auto,1
382,52,Male,White,Health,1
383,44,Female,White,Auto,1
384,34,Male,White,Auto,1
385,28,Female,White,Home,1
386,55,Female,Hispanic,Health,1
387,54,Female,White,Life,0
388,59,Female,White,Life,1
389,51,Male,White,Health,1
390,64,Male,White,Health,0
391,49,Female,Black,Auto,0
392,60,Non-binary,White,Life,0
393,73,Female,Hispanic,Auto,0
394,74,Female,White,Life,1
395,63,Female,White,Auto,1
396,63,Male,Black,Auto,1
397,52,Male,White,Health,0
398,45,Male,White,Health,1
399,71,Male,White,Life,0
400,39,Female,White,Life,1
401,33,Female,White,Auto,1
402,63,Female,White,Auto,1
403,59,Female,White,Auto,1
404,71,Male,Hispanic,Health,0
405,57,Female,Hispanic,Auto,1
406,29,Male,Black,Auto,1
407,22,Female,Black,Auto,0
408,43,Male,Black,Auto,0
409,43,Female,Other,Life,0
410,30,Male,White,Health,1
411,41,Female,White,Health,0
412,61,Male,White,Health,0
413,20,Male,White,Life,1
414,49,Male,White,Auto,1
415,40,Female,White,Health,0
416,66,Female,White,Home,0
417,69,Female,Other,Auto,0
418,54,Female,Other,Health,1
419,72,Male,Hispanic,Auto,1
420,55,Female,White,Life,1
421,62,Female,Hispanic,Auto,1
422,55,Male,Hispanic,Auto,0
423,30,Female,Asian,Health,1
424,32,Male,Black,Health,1
425,19,Male,White,Health,1
426,28,Female,White,Health,1
427,33,Female,Asian,Auto,1
428,35,Female,White,Auto,1
429,51,Male,White,Auto,1
430,27,Female,White,Auto,1
431,30,Female,White,Health,1
432,49,Female,Asian,Health,0
433,77,Female,White,Health,0
434,25,Female,White,Health,1
435,24,Male,Other,Life,0
436,65,Female,White,Life,1
437,34,Female,Hispanic,Life,1
438,58,Male,White,Auto,1
439,44,Female,Black,Health,1
440,76,Female,White,Life,1
441,25,Female,White,Auto,1
442,46,Male,White,Health,1
443,74,Male,Other,Home,1
444,69,Male,White,Health,1
445,54,Female,White,Auto,1
446,44,Male,Asian,Auto,1
447,54,Male,White,Life,1
448,76,Non-binary,Black,Home,1
449,74,Male,Black,Home,1
450,41,Female,White,Auto,1
451,62,Female,White,Auto,1
452,33,Female,Asian,Health,0
453,43,Female,White,Auto,1
454,71,Non-binary,White,Home,0
455,48,Female,Black,Auto,0
456,44,Female,White,Health,1
457,43,Male,Hispanic,Health,0
458,60,Female,White,Auto,1
459,32,Female,Hispanic,Health,0
460,75,Female,White,Health,1
461,66,Female,White,Health,1
462,32,Female,Hispanic,Health,0
463,40,Female,White,Health,1
464,42,Male,White,Home,0
465,61,Male,Hispanic,Auto,1
466,21,Female,Black,Auto,0
467,53,Male,White,Auto,1
468,70,Male,White,Health,0
469,33,Female,Hispanic,Life,1
470,64,Male,White,Home,1
471,57,Female,Asian,Health,1
472,76,Male,White,Health,0
473,38,Female,Hispanic,Auto,1
474,69,Male,White,Health,1
475,57,Male,White,Home,1
476,60,Female,White,Auto,1
477,70,Female,White,Health,0
478,73,Male,White,Auto,1
479,34,Female,White,Auto,1
480,20,Non-binary,Hispanic,Health,0
481,24,Male,White,Home,1
482,29,Female,Other,Health,1
483,18,Male,White,Home,0
484,60,Male,Black,Health,1
485,54,Male,Hispanic,Life,1
486,23,Male,Asian,Health,1
487,63,Male,White,Auto,0
488,77,Male,Black,Auto,1
489,66,Male,White,Health,0
490,40,Female,White,Auto,1
491,42,Female,Hispanic,Health,1
492,42,Female,White,Auto,1
493,20,Male,White,Auto,1
494,21,Female,White,Life,0
495,47,Male,White,Health,1
496,50,Male,White,Health,1
497,46,Female,Hispanic,Auto,1
498,21,Female,White,Home,1
499,31,Male,Black,Life,0
500,38,Male,Hispanic,Auto,0
501,24,Female,White,Home,1
502,38,Female,Hispanic,Life,1
503,73,Male,Black,Health,0
504,24,Female,White,Health,0
505,18,Male,White,Health,0
506,77,Female,Asian,Health,0
507,51,Male,Other,Auto,1
508,40,Male,Black,Auto,1
509,20,Male,White,Auto,1
510,35,Female,White,Health,1
511,60,Male,White,Life,1
512,29,Female,Hispanic,Auto,1
513,31,Female,Black,Auto,1
514,58,Female,White,Home,1
515,45,Male,Black,Health,1
516,59,Male,White,Health,1
517,62,Male,Hispanic,Auto,0
518,41,Male,White,Home,1
519,41,Non-binary,Black,Health,0
520,20,Non-binary,White,Life,1
521,76,Male,White,Home,0
522,75,Male,White,Auto,1
523,26,Female,Asian,Health,1
524,41,Female,Black,Auto,0
525,77,Female,White,Health,0
526,19,Male,Hispanic,Health,1
527,72,Male,Black,Home,1
528,57,Female,Black,Auto,0
529,45,Male,White,Health,1
530,24,Female,White,Health,1
531,26,Male,White,Auto,0
532,62,Female,White,Auto,0
533,56,Female,Black,Auto,1
534,77,Male,White,Life,0
535,56,Male,White,Auto,1
536,50,Female,White,Home,1
537,51,Male,White,Home,0
538,38,Female,Other,Health,1
539,46,Male,Asian,Health,1
540,44,Male,White,Health,0
541,34,Female,Hispanic,Health,1
542,77,Female,White,Health,0
543,59,Male,Hispanic,Auto,1
544,64,Male,White,Health,1
545,65,Female,White,Health,0
546,40,Female,Asian,Health,1
547,70,Male,Asian,Health,0
548,62,Male,White,Auto,0
549,38,Male,Hispanic,Health,0
550,25,Female,Black,Home,1
551,26,Female,White,Health,1
552,75,Male,White,Home,1
553,50,Female,White,Health,1
554,75,Male,Hispanic,Auto,0
555,21,Female,Other,Health,1
556,76,Male,White,Life,0
557,35,Female,Black,Health,0
558,49,Female,Hispanic,Home,1
559,47,Female,White,Health,1
560,42,Female,White,Health,1
561,74,Female,White,Auto,1
562,50,Female,Black,Life,1
563,52,Male,Hispanic,Home,1
564,59,Male,White,Auto,1
565,73,Female,White,Life,0
566,51,Female,Hispanic,Life,0
567,67,Female,White,Auto,1
568,19,Male,White,Auto,1
569,30,Female,White,Health,1
570,70,Male,White,Auto,1
571,58,Male,Hispanic,Life,1
572,40,Female,White,Auto,1
573,40,Male,Hispanic,Life,1
574,48,Male,White,Life,1
575,19,Female,White,Life,1
576,19,Male,White,Health,1
577,22,Female,Hispanic,Health,0
578,77,Female,White,Health,0
579,31,Female,White,Home,1
580,40,Non-binary,Black,Health,1
581,72,Female,White,Health,1
582,74,Female,White,Health,1
583,52,Female,White,Health,1
584,63,Female,Hispanic,Health,0
585,18,Male,Other,Health,1
586,58,Female,White,Health,1
587,65,Female,White,Home,0
588,66,Female,White,Auto,1
589,57,Female,Black,Life,1
590,32,Female,White,Auto,1
591,47,Female,White,Life,1
592,38,Female,Hispanic,Home,0
593,25,Male,White,Home,0
594,24,Female,White,Health,0
595,58,Male,Other,Life,1
596,51,Non-binary,Other,Health,1
597,74,Female,White,Health,1
598,59,Female,White,Health,0
599,54,Non-binary,White,Auto,0
600,65,Female,White,Auto,1
601,70,Male,Asian,Health,0
602,49,Female,Hispanic,Life,1
603,50,Male,Hispanic,Auto,1
604,23,Male,White,Health,1
605,59,Male,White,Auto,1
606,27,Female,White,Auto,0
607,43,Female,White,Health,1
608,75,Female,White,Health,0
609,68,Male,White,Home,0
610,62,Female,White,Life,0
611,43,Male,White,Health,1
612,36,Male,White,Auto,1
613,52,Female,White,Health,1
614,62,Male,White,Auto,0
615,21,Male,White,Auto,1
616,42,Male,White,Health,1
617,25,Female,Asian,Health,0
618,29,Female,White,Health,0
619,71,Non-binary,Hispanic,Auto,0
620,41,Female,Asian,Home,1
621,41,Male,White,Home,1
622,34,Male,White,Home,1
623,42,Male,White,Home,1
624,50,Female,White,Health,1
625,44,Female,White,Life,1
626,19,Female,Hispanic,Health,0
627,26,Male,White,Life,0
628,72,Male,Other,Life,1
629,75,Male,Hispanic,Auto,1
630,50,Female,Black,Auto,1
631,36,Male,White,Health,1
632,66,Female,White,Health,0
633,22,Male,White,Home,1
634,64,Female,White,Home,0
635,37,Male,Hispanic,Health,1
636,41,Male,White,Health,0
637,74,Male,White,Health,0
638,48,Male,Hispanic,Home,0
639,61,Male,White,Home,1
640,21,Female,Black,Auto,1
641,49,Male,White,Auto,1
642,64,Male,White,Life,0
643,52,Female,Hispanic,Health,1
644,31,Female,Asian,Home,0
645,53,Male,White,Auto,1
646,68,Female,White,Health,0
647,23,Female,White,Health,0
648,34,Male,Hispanic,Auto,1
649,35,Female,Black,Health,1
650,25,Male,White,Auto,1
651,68,Male,White,Home,0
652,69,Non-binary,Asian,Life,0
653,29,Male,White,Auto,1
654,34,Male,Black,Auto,0
655,48,Non-binary,Hispanic,Health,1
656,68,Female,White,Auto,0
657,18,Female,Black,Health,1
658,28,Female,White,Home,1
659,59,Female,Other,Home,1
660,33,Female,White,Health,1
661,54,Male,White,Life,1
662,66,Male,White,Life,1
663,45,Male,Hispanic,Home,1
664,26,Male,White,Auto,1
665,72,Male,White,Life,1
666,76,Female,White,Auto,0
667,25,Male,White,Health,1
668,42,Male,Hispanic,Health,1
669,27,Female,White,Health,1
670,57,Female,Hispanic,Health,1
671,20,Female,Hispanic,Health,0
672,72,Female,Asian,Life,0
673,40,Non-binary,Black,Life,0
674,40,Female,White,Home,1
675,61,Female,White,Health,1
676,73,Female,Other,Home,1
677,21,Female,Hispanic,Auto,1
678,76,Female,White,Auto,0
679,71,Female,Asian,Auto,0
680,67,Male,Hispanic,Life,1
681,40,Female,Asian,Health,1
682,26,Female,Black,Life,1
683,70,Female,Hispanic,Life,0
684,21,Male,Asian,Home,1
685,51,Male,White,Home,1
686,56,Male,Other,Auto,0
687,35,Female,White,Life,0
688,51,Female,White,Home,1
689,74,Male,Hispanic,Home,1
690,51,Female,Black,Life,0
691,59,Male,Asian,Life,1
692,20,Male,White,Health,0
693,36,Female,White,Life,1
694,51,Female,White,Health,0
695,43,Female,White,Auto,1
696,52,Male,Hispanic,Auto,0
697,58,Female,White,Health,1
698,60,Female,White,Health,1
699,48,Male,White,Life,1
700,60,Non-binary,Hispanic,Life,0
701,44,Female,White,Auto,1
702,20,Male,Hispanic,Auto,1
703,54,Female,White,Home,1
704,29,Male,White,Health,0
705,64,Female,Hispanic,Auto,0
706,40,Female,White,Auto,0
707,34,Male,Black,Home,0
708,33,Female,Hispanic,Health,0
709,34,Female,Black,Home,1
710,32,Non-binary,Hispanic,Health,0
711,43,Male,Hispanic,Health,1
712,62,Female,Black,Health,1
713,19,Female,White,Auto,1
714,34,Male,White,Auto,1
715,18,Male,Asian,Auto,1
716,47,Female,Other,Health,1
717,49,Female,White,Auto,1
718,47,Male,White,Life,1
719,59,Female,White,Life,1
720,21,Male,Black,Life,0
721,59,Female,White,Home,0
722,61,Female,Hispanic,Auto,0
723,49,Female,Asian,Health,0
724,77,Male,Other,Health,0
725,52,Female,White,Health,0
726,18,Female,Other,Auto,1
727,36,Female,Hispanic,Home,1
728,50,Female,White,Life,1
729,36,Male,White,Health,1
730,53,Female,Hispanic,Auto,0
731,44,Male,Other,Auto,1
732,30,Non-binary,White,Home,1
733,44,Male,White,Health,1
734,63,Male,White,Auto,1
735,31,Male,Other,Home,0
736,41,Female,Other,Home,1
737,52,Male,White,Health,1
738,36,Female,White,Health,1
739,42,Female,Asian,Auto,1
740,28,Male,Hispanic,Life,0
741,26,Male,Other,Health,0
742,23,Female,Asian,Home,1
743,75,Male,White,Health,1
744,53,Male,Hispanic,Auto,1
745,75,Male,White,Life,1
746,54,Male,Hispanic,Health,0
747,46,Male,Black,Health,1
748,26,Female,Other,Auto,0
749,50,Female,Other,Life,1
750,40,Female,White,Health,0
751,32,Male,White,Auto,1
752,28,Female,White,Auto,1
753,40,Male,Hispanic,Auto,0
754,43,Female,Hispanic,Home,0
755,18,Female,Other,Auto,1
756,47,Male,Black,Auto,0
757,34,Male,White,Auto,1
758,64,Male,White,Life,1
759,63,Male,White,Health,0
760,58,Female,Black,Home,0
761,40,Male,Asian,Health,1
762,53,Non-binary,White,Auto,1
763,58,Male,Hispanic,Auto,1
764,77,Female,White,Health,1
765,22,Male,White,Health,1
766,52,Male,White,Health,1
767,67,Non-binary,White,Health,1
768,26,Female,Asian,Home,0
769,21,Female,White,Life,1
770,24,Female,White,Health,1
771,18,Non-binary,Hispanic,Health,0
772,33,Female,Other,Home,0
773,74,Male,Black,Health,0
774,77,Male,White,Home,1
775,42,Female,White,Health,0
776,75,Female,White,Life,1
777,23,Female,White,Auto,1
778,55,Male,Asian,Health,0
779,31,Female,White,Health,1
780,71,Female,White,Auto,0
781,54,Female,Black,Health,0
782,28,Male,Hispanic,Auto,0
783,18,Non-binary,White,Health,1
784,69,Female,White,Auto,0
785,59,Female,White,Auto,1
786,18,Female,White,Auto,1
787,70,Female,White,Health,1
788,53,Male,Black,Auto,0
789,25,Female,White,Auto,1
790,49,Female,White,Home,1
791,50,Male,White,Life,0
792,25,Male,Other,Health,1
793,31,Male,Black,Health,1
794,41,Female,Hispanic,Health,0
795,66,Female,White,Health,1
796,58,Male,Hispanic,Health,0
797,46,Female,White,Health,1
798,42,Female,White,Health,1
799,23,Female,Hispanic,Health,1
800,18,Female,Hispanic,Health,0
801,72,Female,Other,Health,0
802,40,Male,Hispanic,Health,1
803,58,Female,White,Auto,1
804,50,Female,White,Health,1
805,31,Male,White,Health,0
806,73,Non-binary,White,Health,0
807,45,Male,Hispanic,Auto,1
808,46,Female,White,Life,0
809,60,Female,Asian,Health,0
810,57,Female,Black,Auto,1
811,40,Female,White,Auto,1
812,61,Female,White,Auto,0
813,55,Female,White,Life,0
814,66,Female,Hispanic,Life,1
815,60,Female,Other,Health,1
816,27,Female,White,Health,0
817,44,Female,Hispanic,Auto,1
818,25,Male,Black,Home,0
819,61,Female,Other,Life,1
820,70,Male,White,Health,0
821,21,Female,White,Health,1
822,38,Male,White,Life,0
823,38,Female,White,Auto,1
824,47,Male,White,Auto,1
825,30,Male,White,Auto,1
826,75,Female,Black,Health,1
827,20,Male,White,Life,1
828,37,Male,Hispanic,Life,0
829,53,Male,Hispanic,Auto,1
830,57,Female,Hispanic,Auto,1
831,22,Male,White,Auto,0
832,39,Female,White,Health,1
833,75,Female,White,Health,0
834,19,Male,White,Health,1
835,42,Female,Black,Home,0
836,57,Non-binary,White,Health,1
837,41,Female,White,Health,0
838,75,Male,White,Auto,0
839,22,Male,White,Health,1
840,33,Male,Other,Health,1
841,70,Female,Other,Auto,1
842,32,Female,White,Auto,0
843,68,Male,White,Auto,1
844,30,Male,Asian,Auto,1
845,28,Male,Asian,Auto,1
846,33,Non-binary,Hispanic,Auto,0
847,35,Female,White,Auto,1
848,42,Female,White,Health,1
849,64,Male,White,Auto,0
850,55,Female,Asian,Health,0
851,57,Male,Hispanic,Health,0
852,21,Female,White,Health,1
853,70,Male,White,Health,1
854,75,Female,Black,Auto,1
855,65,Male,Hispanic,Auto,1
856,38,Female,Hispanic,Health,0
857,28,Male,Black,Home,0
858,75,Male,White,Auto,0
859,69,Male,White,Home,0
860,76,Female,Hispanic,Auto,1
861,51,Male,Hispanic,Health,0
862,47,Male,White,Home,1
863,71,Male,White,Home,1
864,21,Male,Black,Auto,1
865,31,Male,White,Health,1
866,28,Male,White,Health,1
867,21,Male,Black,Life,0
868,43,Male,Hispanic,Health,1
869,20,Female,Hispanic,Auto,1
870,73,Male,White,Auto,1
871,71,Female,White,Health,0
872,74,Male,White,Life,0
873,54,Non-binary,Hispanic,Life,0
874,55,Male,Hispanic,Health,0
875,58,Female,White,Auto,0
876,21,Female,White,Life,0
877,43,Male,White,Auto,0
878,56,Male,White,Auto,1
879,62,Male,White,Auto,0
880,59,Male,Black,Health,1
881,61,Male,Black,Home,0
882,59,Female,Black,Auto,0
883,28,Male,Hispanic,Health,0
884,28,Male,White,Life,1
885,71,Female,Asian,Auto,1
886,55,Female,White,Health,0
887,55,Male,White,Life,0
888,37,Female,White,Health,1
889,43,Female,Black,Auto,1
890,55,Male,White,Auto,0
891,29,Male,White,Health,0
892,72,Male,White,Life,1
893,46,Male,Hispanic,Auto,0
894,31,Male,White,Life,1
895,67,Male,Black,Auto,1
896,76,Female,Asian,Home,0
897,42,Female,Hispanic,Health,0
898,72,Female,White,Auto,1
899,68,Female,White,Home,1
900,59,Female,Black,Health,1
901,59,Female,White,Health,0
902,56,Female,White,Home,0
903,43,Male,White,Home,1
904,27,Male,Hispanic,Life,1
905,31,Female,White,Auto,1
906,22,Male,White,Auto,0
907,74,Male,White,Health,1
908,39,Male,Black,Auto,1
909,28,Non-binary,Black,Auto,0
910,46,Male,Black,Health,1
911,24,Male,White,Auto,1
912,69,Male,Asian,Auto,1
913,35,Female,White,Auto,1
914,48,Male,White,Auto,0
915,60,Male,Asian,Life,1
916,37,Non-binary,Other,Health,1
917,74,Female,Black,Auto,1
918,52,Female,Asian,Auto,1
919,24,Female,White,Health,1
920,47,Male,White,Health,1
921,21,Female,White,Auto,0
922,68,Male,White,Auto,0
923,47,Female,Black,Home,0
924,47,Male,White,Auto,1
925,47,Male,Hispanic,Health,0
926,70,Male,White,Auto,0
927,35,Male,White,Life,1
928,60,Male,White,Auto,1
929,63,Female,Other,Home,1
930,27,Female,Hispanic,Life,1
931,31,Male,Black,Health,0
932,53,Male,Hispanic,Health,0
933,40,Female,Hispanic,Auto,1
934,29,Female,Asian,Health,1
935,29,Male,White,Auto,1
936,51,Female,White,Life,0
937,43,Female,White,Auto,1
938,23,Male,Other,Auto,1
939,54,Male,Other,Auto,1
940,68,Male,Hispanic,Health,0
941,70,Female,White,Life,0
942,32,Male,White,Auto,0
943,59,Male,White,Auto,1
944,56,Female,White,Health,1
945,36,Male,White,Life,1
946,57,Female,White,Auto,1
947,64,Male,Other,Health,1
948,40,Non-binary,White,Home,1
949,53,Female,Asian,Life,1
950,30,Female,Hispanic,Auto,1
951,48,Male,White,Auto,1
952,54,Male,White,Home,1
953,43,Female,Other,Life,0
954,60,Male,Hispanic,Auto,1
955,65,Female,White,Auto,1
956,69,Female,White,Health,0
957,35,Female,Black,Health,1
958,77,Male,White,Health,1
959,64,Female,White,Health,1
960,74,Female,Hispanic,Life,0
961,50,Female,Black,Health,0
962,57,Female,White,Life,1
963,49,Male,Asian,Auto,1
964,21,Female,Black,Health,1
965,58,Female,Asian,Health,1
966,36,Male,White,Auto,1
967,24,Male,White,Health,0
968,64,Male,White,Auto,1
969,52,Female,White,Life,1
970,43,Female,Other,Auto,1
971,61,Male,Other,Life,0
972,40,Female,Hispanic,Life,1
973,51,Female,White,Life,0
974,68,Female,Hispanic,Health,0
975,73,Female,White,Home,0
976,24,Male,White,Auto,1
977,28,Female,White,Life,1
978,68,Male,Black,Auto,0
979,25,Female,White,Auto,0
980,30,Female,White,Home,1
981,49,Male,White,Health,1
982,58,Male,Black,Auto,1
983,51,Male,White,Health,1
984,35,Male,Hispanic,Health,0
985,32,Female,White,Life,1
986,72,Female,White,Health,1
987,60,Male,Hispanic,Home,1
988,41,Male,White,Auto,0
989,64,Male,White,Auto,1
990,38,Male,Hispanic,Health,1
991,35,Male,White,Health,1
992,31,Male,Hispanic,Home,1
993,75,Male,White,Life,0
994,70,Male,White,Health,1
995,36,Male,Black,Health,1
996,30,Female,White,Health,1
997,74,Male,White,Health,0
998,33,Male,White,Life,1
999,19,Female,White,Life,0
1000,74,Female,Hispanic,Auto,1
1001,51,Male,Hispanic,Home,1
1002,66,Male,Hispanic,Health,1
1003,43,Female,White,Auto,0
1004,71,Female,Black,Life,0
1005,76,Male,White,Health,0
1006,39,Male,Black,Health,0
1007,37,Female,Hispanic,Auto,1
1008,46,Female,White,Health,1
1009,35,Male,Other,Auto,1
1010,46,Male,Hispanic,Auto,1
1011,59,Male,Hispanic,Health,1
1012,61,Male,Black,Health,0
1013,44,Female,Hispanic,Health,1
1014,52,Male,Other,Auto,1
1015,46,Non-binary,Hispanic,Health,1
1016,23,Male,White,Home,1
1017,69,Male,Black,Life,0
1018,54,Male,White,Health,1
1019,76,Female,Other,Life,0
1020,42,Female,Asian,Auto,0
1021,38,Female,White,Health,0
1022,75,Female,Hispanic,Auto,1
1023,48,Male,Asian,Auto,1
1024,76,Female,White,Health,0
1025,57,Male,White,Health,1
1026,67,Female,White,Health,1
1027,33,Male,Hispanic,Health,1
1028,77,Male,White,Health,0
1029,31,Female,Hispanic,Auto,1
1030,23,Male,White,Health,1
1031,28,Female,White,Health,1
1032,44,Female,White,Health,1
1033,55,Male,White,Life,1
1034,22,Male,White,Health,1
1035,32,Female,White,Auto,1
1036,55,Female,Black,Auto,1
1037,70,Male,White,Life,1
1038,33,Female,Black,Auto,1
1039,35,Female,Black,Health,1
1040,70,Female,White,Health,1
1041,50,Female,White,Health,1
1042,52,Male,Hispanic,Auto,1
1043,72,Female,White,Health,1
1044,69,Male,White,Health,0
1045,41,Male,Other,Auto,1
1046,52,Female,Hispanic,Health,1
1047,24,Male,White,Life,0
1048,31,Female,Black,Health,0
1049,67,Female,Hispanic,Home,1
1050,47,Male,Hispanic,Home,0
1051,41,Male,White,Life,1
1052,32,Female,White,Home,0
1053,30,Male,Black,Health,1
1054,36,Female,White,Life,1
1055,46,Male,Asian,Health,1
1056,39,Female,White,Life,1
1057,19,Male,White,Health,1
1058,56,Male,Asian,Health,0
1059,30,Male,White,Home,1
1060,53,Male,White,Health,0
1061,55,Male,Black,Life,1
1062,35,Female,White,Auto,0
1063,68,Male,Hispanic,Health,0
1064,32,Male,White,Auto,1
1065,52,Female,White,Health,1
1066,69,Female,White,Home,0
1067,34,Female,Hispanic,Home,1
1068,65,Male,White,Life,1
1069,30,Female,White,Life,1
1070,39,Female,Hispanic,Health,1
1071,76,Male,Asian,Health,1
1072,71,Female,Hispanic,Health,0
1073,69,Female,White,Auto,1
1074,57,Female,White,Health,1
1075,38,Female,Black,Auto,0
1076,43,Female,Hispanic,Auto,0
1077,63,Male,Hispanic,Health,0
1078,21,Male,Asian,Health,0
1079,24,Female,Hispanic,Health,1
1080,27,Female,White,Life,0
1081,32,Female,Hispanic,Health,1
1082,43,Female,Hispanic,Health,0
1083,33,Female,Hispanic,Life,0
1084,57,Female,Asian,Health,1
1085,51,Male,White,Auto,1
1086,34,Male,Black,Life,0
1087,55,Male,White,Auto,1
1088,33,Female,White,Auto,1
1089,51,Male,White,Health,1
1090,76,Male,Other,Health,0
1091,73,Male,Asian,Auto,1
1092,46,Female,Hispanic,Health,0
1093,70,Male,White,Life,1
1094,35,Male,White,Health,1
1095,28,Male,Black,Auto,1
1096,29,Male,White,Health,0
1097,54,Male,White,Life,0
1098,19,Male,Hispanic,Auto,1
1099,71,Male,White,Auto,0
1100,73,Female,White,Auto,0
1101,35,Female,Black,Health,0
1102,71,Male,Asian,Auto,0
1103,55,Female,Hispanic,Health,0
1104,50,Female,Other,Auto,1
1105,26,Female,Hispanic,Health,0
1106,32,Female,White,Health,0
1107,45,Male,Asian,Health,0
1108,25,Female,White,Health,1
1109,77,Male,White,Health,0
1110,63,Male,White,Home,0
1111,53,Male,Hispanic,Auto,1
1112,56,Female,Asian,Home,1
1113,69,Female,White,Health,0
1114,25,Male,White,Auto,1
1115,59,Female,Asian,Life,1
1116,67,Female,White,Auto,1
1117,67,Male,Hispanic,Auto,0
1118,36,Male,White,Auto,1
1119,21,Female,White,Auto,0
1120,44,Male,White,Life,1
1121,30,Female,White,Auto,1
1122,55,Female,Hispanic,Home,0
1123,38,Male,Asian,Home,0
1124,43,Male,White,Auto,1
1125,62,Male,Hispanic,Health,1
1126,75,Female,Hispanic,Health,0
1127,40,Male,White,Health,0
1128,71,Male,Black,Health,1
1129,47,Male,Black,Health,1
1130,48,Male,White,Health,1
1131,48,Female,White,Auto,1
1132,33,Male,Other,Health,1
1133,69,Female,Black,Auto,1
1134,76,Male,White,Health,1
1135,59,Male,White,Life,1
1136,58,Female,White,Life,1
1137,24,Female,White,Health,1
1138,34,Female,White,Home,0
1139,41,Male,White,Health,1
1140,37,Male,White,Life,0
1141,56,Female,Black,Auto,0
1142,44,Female,White,Health,1
1143,19,Female,White,Health,1
1144,77,Female,White,Health,0
1145,68,Male,White,Life,1
1146,18,Female,White,Auto,1
1147,51,Female,White,Health,0
1148,44,Male,White,Auto,1
1149,54,Male,White,Health,1
1150,67,Female,Hispanic,Health,0
1151,23,Male,White,Home,1
1152,55,Female,White,Auto,1
1153,71,Female,White,Health,1
1154,77,Female,Other,Home,0
1155,44,Female,Other,Health,1
1156,65,Female,White,Health,1
1157,33,Male,White,Health,1
1158,52,Female,White,Auto,1
1159,44,Male,White,Auto,1
1160,52,Male,White,Health,1
1161,75,Female,White,Auto,1
1162,72,Male,White,Life,0
1163,53,Male,White,Auto,0
1164,55,Male,White,Life,0
1165,45,Female,Asian,Health,1
1166,73,Male,White,Health,1
1167,20,Male,Hispanic,Auto,1
1168,74,Female,White,Health,1
1169,58,Male,White,Health,1
1170,48,Male,Hispanic,Health,1
1171,20,Female,White,Life,1
1172,55,Male,Black,Health,1
1173,70,Male,White,Health,1
1174,69,Female,White,Health,1
1175,41,Male,Black,Life,0
1176,43,Female,White,Auto,1
1177,58,Female,White,Health,0
1178,64,Male,Black,Life,0
1179,45,Female,White,Life,0
1180,26,Male,White,Auto,0
1181,54,Male,Hispanic,Health,1
1182,70,Female,White,Auto,1
1183,44,Male,Black,Home,0
1184,65,Female,Asian,Health,1
1185,20,Male,White,Health,1
1186,58,Female,White,Health,1
1187,66,Female,White,Auto,1
1188,45,Male,White,Auto,0
1189,49,Female,Black,Health,0
1190,52,Female,White,Health,1
1191,24,Female,White,Home,0
1192,24,Male,White,Life,1
1193,38,Female,Hispanic,Home,0
1194,49,Female,White,Life,0
1195,55,Female,Hispanic,Auto,0
1196,37,Female,Hispanic,Health,0
1197,25,Female,White,Auto,1
1198,21,Female,White,Health,0
1199,43,Female,White,Auto,1
1200,32,Female,Black,Auto,1
1201,23,Male,Hispanic,Home,1
1202,65,Male,White,Health,0
1203,49,Female,White,Health,1
1204,22,Non-binary,White,Auto,1
1205,61,Female,White,Home,1
1206,63,Female,White,Home,0
1207,75,Female,White,Auto,0
1208,23,Male,White,Health,1
1209,20,Male,White,Health,1
1210,46,Male,White,Home,1
1211,36,Male,White,Auto,1
1212,27,Female,White,Life,1
1213,24,Female,White,Health,0
1214,62,Male,White,Health,1
1215,18,Male,White,Auto,1
1216,18,Male,White,Life,0
1217,34,Male,White,Home,1
1218,39,Male,White,Life,1
1219,53,Male,White,Auto,0
1220,31,Male,White,Auto,1
1221,23,Female,White,Life,0
1222,47,Male,White,Health,0
1223,63,Female,White,Home,1
1224,64,Female,Hispanic,Auto,0
1225,50,Male,White,Home,1
1226,37,Female,White,Life,1
1227,33,Female,White,Health,1
1228,21,Male,White,Health,1
1229,51,Male,White,Health,0
1230,18,Female,White,Health,0
1231,30,Male,White,Auto,1
1232,65,Male,Hispanic,Auto,1
1233,25,Male,White,Auto,1
1234,39,Male,Asian,Health,0
1235,21,Female,Hispanic,Home,1
1236,51,Female,Hispanic,Auto,1
1237,77,Female,Hispanic,Life,0
1238,62,Male,White,Health,1
1239,54,Female,White,Life,0
1240,74,Female,White,Health,1
1241,40,Female,White,Auto,1
1242,37,Male,White,Auto,1
1243,70,Male,Hispanic,Home,0
1244,41,Female,White,Health,1
1245,44,Male,White,Health,1
1246,30,Female,Black,Life,0
1247,22,Female,White,Health,0
1248,33,Male,White,Health,1
1249,77,Female,White,Auto,1
1250,55,Male,Hispanic,Health,0
1251,65,Female,White,Health,1
1252,46,Non-binary,Black,Health,1
1253,43,Female,White,Health,1
1254,39,Female,Asian,Auto,1
1255,41,Female,White,Health,1
1256,30,Female,Hispanic,Life,0
1257,60,Female,Other,Home,1
1258,38,Male,White,Health,0
1259,18,Male,White,Life,1
1260,21,Female,White,Home,0
1261,20,Male,White,Auto,0
1262,67,Female,Hispanic,Home,0
1263,40,Female,White,Health,0
1264,33,Male,Asian,Life,0
1265,62,Male,Black,Auto,1
1266,30,Female,White,Health,1
1267,56,Female,White,Life,1
1268,48,Male,White,Auto,0
1269,41,Female,White,Health,1
1270,64,Female,White,Health,1
1271,75,Female,White,Life,1
1272,32,Female,Asian,Life,0
1273,22,Male,White,Auto,0
1274,66,Female,White,Auto,0
1275,39,Male,White,Health,1
1276,39,Male,Hispanic,Auto,1
1277,28,Male,White,Life,1
1278,41,Male,White,Life,1
1279,62,Female,Asian,Auto,1
1280,27,Male,Asian,Home,1
1281,64,Female,Black,Home,0
1282,51,Female,Asian,Health,1
1283,28,Female,White,Health,1
1284,74,Female,Hispanic,Health,0
1285,60,Non-binary,White,Auto,1
1286,46,Male,White,Life,1
1287,39,Female,Other,Health,1
1288,50,Male,White,Home,1
1289,74,Female,White,Auto,0
1290,25,Male,White,Life,1
1291,75,Female,White,Health,0
1292,66,Male,White,Health,0
1293,49,Male,Black,Auto,1
1294,57,Female,Other,Life,1
1295,62,Female,White,Life,1
1296,40,Male,Hispanic,Auto,1
1297,22,Female,White,Health,1
1298,48,Male,White,Health,1
1299,46,Female,Black,Home,1
1300,23,Female,Hispanic,Health,0
1301,69,Male,White,Auto,1
1302,42,Male,White,Auto,1
1303,42,Male,White,Auto,0
1304,48,Male,Asian,Auto,1
1305,75,Female,White,Home,1
1306,31,Female,White,Life,0
1307,34,Non-binary,Asian,Life,1
1308,33,Male,White,Auto,1
1309,45,Female,Asian,Health,1
1310,26,Male,Asian,Home,1
1311,68,Female,White,Health,0
1312,77,Male,Black,Auto,1
1313,19,Non-binary,White,Health,1
1314,21,Female,Other,Auto,1
1315,37,Female,White,Health,0
1316,58,Male,Hispanic,Home,1
1317,53,Female,White,Home,1
1318,54,Female,White,Auto,0
1319,23,Female,White,Health,1
1320,69,Female,White,Auto,1
1321,18,Male,White,Health,1
1322,62,Male,White,Home,0
1323,67,Female,White,Health,0
1324,20,Male,White,Health,0
1325,69,Female,White,Auto,0
1326,54,Female,White,Life,1
1327,62,Male,White,Auto,1
1328,59,Female,White,Health,0
1329,75,Female,Hispanic,Health,0
1330,20,Female,White,Health,1
1331,60,Female,Other,Health,1
1332,50,Male,White,Life,1
1333,76,Female,Hispanic,Health,1
1334,76,Male,White,Auto,1
1335,32,Female,White,Life,1
1336,73,Male,White,Health,1
1337,73,Male,White,Life,1
1338,21,Female,White,Life,1
1339,32,Male,Black,Health,1
1340,24,Non-binary,White,Home,1
1341,64,Male,Black,Auto,0
1342,21,Male,Hispanic,Auto,1
1343,20,Male,White,Home,1
1344,40,Male,White,Home,1
1345,31,Female,White,Auto,1
1346,23,Female,White,Health,1
1347,50,Male,White,Health,0
1348,26,Male,White,Life,1
1349,29,Male,White,Home,0
1350,67,Male,White,Health,0
1351,52,Female,White,Health,1
1352,70,Female,Other,Life,1
1353,48,Female,Other,Health,1
1354,68,Non-binary,White,Health,1
1355,20,Female,White,Health,0
1356,73,Female,White,Health,0
1357,63,Male,White,Home,1
1358,53,Female,White,Home,1
1359,30,Female,White,Health,1
1360,30,Male,White,Home,1
1361,75,Female,Hispanic,Health,1
1362,51,Non-binary,Hispanic,Life,0
1363,38,Female,Other,Health,1
1364,51,Male,White,Life,1
1365,59,Female,Hispanic,Health,1
1366,60,Non-binary,White,Health,0
1367,45,Male,Black,Home,0
1368,73,Female,Asian,Health,0
1369,64,Female,Asian,Home,1
1370,52,Male,Hispanic,Health,1
1371,31,Female,White,Health,1
1372,35,Male,White,Life,1
1373,36,Female,Black,Auto,0
1374,36,Female,Hispanic,Auto,1
1375,50,Female,Black,Health,0
1376,68,Male,White,Auto,0
1377,52,Female,White,Health,1
1378,37,Non-binary,White,Auto,1
1379,46,Male,Asian,Auto,1
1380,25,Female,White,Auto,1
1381,42,Male,White,Home,0
1382,34,Male,Hispanic,Auto,0
1383,18,Female,White,Health,1
1384,55,Female,Hispanic,Health,0
1385,66,Female,Hispanic,Auto,1
1386,77,Male,White,Health,1
1387,70,Male,White,Health,1
1388,47,Female,Black,Life,0
1389,45,Male,White,Life,1
1390,50,Male,White,Auto,1
1391,30,Female,Black,Auto,1
1392,41,Female,White,Auto,1
1393,61,Male,White,Auto,1
1394,54,Male,White,Life,1
1395,39,Female,White,Life,1
1396,69,Non-binary,White,Health,1
1397,30,Male,White,Life,1
1398,57,Female,White,Life,0
1399,29,Male,Hispanic,Health,1
1400,74,Female,White,Health,0
1401,58,Male,Asian,Life,1
1402,66,Female,White,Auto,1
1403,63,Female,White,Life,1
1404,24,Female,Hispanic,Health,0
1405,53,Female,White,Health,0
1406,46,Female,White,Health,1
1407,46,Female,White,Auto,1
1408,43,Male,White,Auto,1
1409,44,Male,White,Life,1
1410,41,Male,White,Life,1
1411,48,Female,White,Home,0
1412,24,Female,Asian,Health,1
1413,34,Female,Hispanic,Health,0
1414,66,Female,White,Health,1
1415,50,Female,Hispanic,Auto,1
1416,51,Female,White,Health,1
1417,75,Male,White,Auto,0
1418,35,Male,Hispanic,Health,1
1419,58,Female,White,Health,1
1420,22,Male,White,Auto,0
1421,18,Male,White,Health,0
1422,24,Male,White,Life,0
1423,75,Male,White,Life,1
1424,51,Female,Hispanic,Health,0
1425,20,Male,White,Life,0
1426,53,Female,White,Auto,0
1427,52,Male,White,Auto,0
1428,68,Female,Hispanic,Health,0
1429,74,Female,White,Life,1
1430,29,Female,White,Health,1
1431,32,Female,Hispanic,Health,0
1432,21,Male,White,Health,1
1433,73,Female,White,Auto,1
1434,50,Male,White,Auto,1
1435,33,Male,White,Home,1
1436,46,Female,White,Life,1
1437,23,Non-binary,White,Home,1
1438,66,Female,White,Life,1
1439,54,Non-binary,Other,Health,0
1440,40,Female,White,Auto,0
1441,30,Female,White,Auto,1
1442,61,Male,Hispanic,Auto,0
1443,18,Female,White,Auto,1
1444,74,Female,White,Life,1
1445,29,Male,White,Health,0
1446,44,Female,Black,Life,0
1447,42,Male,Black,Health,1
1448,39,Female,White,Health,0
1449,51,Female,Hispanic,Auto,0
1450,35,Male,White,Auto,1
1451,58,Male,White,Health,1
1452,33,Non-binary,White,Auto,1
1453,46,Female,Hispanic,Auto,1
1454,47,Male,Black,Health,0
1455,47,Female,Hispanic,Life,0
1456,37,Male,Black,Health,0
1457,64,Male,White,Life,0
1458,39,Female,White,Health,1
1459,59,Female,White,Auto,1
1460,51,Male,White,Home,1
1461,21,Female,White,Life,0
1462,67,Male,Hispanic,Life,0
1463,48,Female,Hispanic,Health,1
1464,68,Male,White,Health,1
1465,67,Male,Hispanic,Auto,1
1466,31,Male,Black,Auto,0
1467,25,Male,White,Home,1
1468,54,Male,White,Health,1
1469,22,Male,White,Auto,1
1470,25,Female,White,Auto,1
1471,28,Male,White,Life,1
1472,73,Male,Asian,Health,0
1473,46,Female,White,Home,1
1474,72,Male,Hispanic,Auto,1
1475,38,Female,White,Life,1
1476,56,Male,White,Auto,1
1477,30,Male,Hispanic,Life,0
1478,66,Male,White,Health,0
1479,36,Male,Asian,Life,1
1480,20,Female,White,Auto,1
1481,51,Male,Asian,Auto,1
1482,55,Female,White,Health,1
1483,36,Female,White,Life,1
1484,49,Male,Black,Health,1
1485,64,Female,Hispanic,Health,1
1486,53,Male,White,Health,1
1487,68,Female,Other,Health,1
1488,56,Female,Black,Auto,1
1489,69,Male,White,Health,0
1490,70,Female,White,Health,1
1491,31,Male,White,Health,1
1492,24,Male,White,Auto,1
1493,37,Male,White,Auto,1
1494,49,Non-binary,Hispanic,Health,1
1495,63,Male,Black,Auto,1
1496,71,Male,White,Auto,0
1497,74,Male,White,Life,0
1498,48,Male,Other,Health,1
1499,39,Male,White,Life,1
1500,22,Male,White,Health,1
1501,48,Male,Black,Life,0
1502,32,Male,Hispanic,Auto,1
1503,61,Female,Other,Health,1
1504,34,Female,Other,Auto,1
1505,73,Male,Asian,Life,0
1506,70,Female,White,Auto,1
1507,54,Male,White,Auto,1
1508,36,Female,Black,Health,0
1509,27,Male,White,Home,1
1510,61,Female,White,Life,1
1511,51,Female,White,Health,1
1512,66,Female,White,Life,0
1513,42,Female,White,Health,0
1514,54,Female,White,Life,1
1515,75,Male,White,Auto,0
1516,45,Female,Hispanic,Auto,0
1517,32,Male,Black,Health,1
1518,37,Male,Asian,Home,1
1519,72,Female,White,Life,0
1520,30,Female,White,Life,1
1521,37,Male,White,Health,1
1522,60,Female,Black,Health,1
1523,48,Female,Hispanic,Auto,1
1524,35,Male,White,Life,0
1525,58,Male,Hispanic,Home,1
1526,65,Non-binary,White,Health,1
1527,73,Female,White,Auto,1
1528,45,Male,Black,Life,0
1529,64,Male,White,Health,0
1530,21,Male,White,Auto,1
1531,41,Male,White,Health,1
1532,61,Male,Hispanic,Auto,1
1533,62,Female,White,Life,1
1534,26,Female,White,Life,1
1535,64,Female,Asian,Auto,0
1536,67,Male,White,Health,1
1537,69,Male,White,Auto,1
1538,49,Female,White,Life,1
1539,76,Female,Asian,Auto,1
1540,49,Male,White,Auto,1
1541,71,Female,Black,Home,1
1542,56,Female,Other,Life,1
1543,38,Female,Hispanic,Home,0
1544,75,Female,White,Home,0
1545,61,Female,Hispanic,Health,1
1546,59,Male,Hispanic,Life,1
1547,56,Female,White,Auto,1
1548,63,Male,White,Health,0
1549,44,Male,Hispanic,Auto,0
1550,64,Male,White,Auto,1
1551,53,Male,White,Health,0
1552,25,Non-binary,Hispanic,Home,1
1553,36,Male,Hispanic,Health,1
1554,46,Female,White,Home,1
1555,36,Male,White,Health,0
1556,22,Male,Black,Health,1
1557,39,Female,Black,Auto,0
1558,52,Male,Other,Life,1
1559,27,Female,Black,Health,0
1560,32,Male,Black,Home,1
1561,19,Female,Other,Life,1
1562,70,Male,White,Life,1
1563,59,Female,White,Health,0
1564,39,Male,White,Auto,1
1565,65,Female,White,Home,1
1566,52,Female,White,Health,1
1567,56,Male,White,Health,0
1568,36,Male,Black,Auto,1
1569,64,Female,Hispanic,Home,0
1570,29,Female,White,Auto,0
1571,51,Male,White,Auto,1
1572,62,Female,White,Auto,1
1573,75,Female,Black,Home,0
1574,37,Female,White,Health,1
1575,68,Non-binary,Asian,Health,1
1576,24,Female,White,Health,1
1577,41,Female,White,Health,0
1578,20,Female,White,Health,0
1579,23,Male,White,Health,1
1580,50,Female,Hispanic,Auto,1
1581,70,Female,Asian,Health,1
1582,51,Female,White,Auto,0
1583,50,Male,Hispanic,Home,1
1584,46,Male,White,Health,1
1585,40,Female,White,Health,1
1586,75,Female,Hispanic,Health,0
1587,21,Male,White,Auto,1
1588,22,Male,White,Life,1
1589,51,Female,White,Life,1
1590,33,Female,White,Auto,1
1591,57,Female,White,Life,0
1592,64,Female,Hispanic,Life,0
1593,60,Male,White,Health,1
1594,59,Female,White,Health,0
1595,20,Female,White,Auto,0
1596,72,Female,White,Home,1
1597,60,Male,Hispanic,Health,1
1598,66,Male,Asian,Health,0
1599,59,Female,Other,Life,1
1600,66,Female,White,Health,0
1601,31,Female,Other,Auto,1
1602,72,Female,White,Health,0
1603,50,Male,White,Health,1
1604,45,Female,Hispanic,Auto,1
1605,74,Female,White,Auto,0
1606,58,Female,White,Health,0
1607,73,Female,Asian,Life,1
1608,73,Male,Hispanic,Health,0
1609,32,Female,White,Auto,1
1610,21,Female,Hispanic,Health,1
1611,37,Non-binary,Hispanic,Life,1
1612,70,Female,Asian,Life,1
1613,42,Female,White,Health,1
1614,52,Non-binary,Hispanic,Health,0
1615,69,Male,Hispanic,Home,1
1616,75,Male,Black,Auto,1
1617,70,Female,Black,Auto,0
1618,56,Male,White,Health,0
1619,70,Male,White,Home,1
1620,74,Female,Other,Home,1
1621,39,Female,White,Health,0
1622,52,Male,White,Auto,1
1623,71,Male,Hispanic,Life,0
1624,71,Male,White,Auto,1
1625,64,Female,White,Auto,0
1626,45,Male,White,Health,0
1627,27,Female,Black,Health,1
1628,33,Female,Asian,Life,1
1629,66,Male,Hispanic,Auto,0
1630,40,Male,White,Auto,1
1631,36,Female,Other,Health,1
1632,18,Male,White,Life,1
1633,18,Female,White,Life,1
1634,70,Female,White,Auto,1
1635,63,Male,Other,Home,1
1636,75,Male,White,Health,0
1637,43,Female,Black,Life,0
1638,51,Male,White,Auto,0
1639,19,Male,White,Health,0
1640,45,Male,Asian,Health,0
1641,37,Female,Black,Health,0
1642,59,Female,Hispanic,Life,1
1643,64,Male,White,Life,1
1644,44,Female,Hispanic,Auto,1
1645,45,Male,Hispanic,Health,1
1646,77,Female,White,Home,1
1647,48,Male,White,Health,1
1648,64,Male,Other,Auto,1
1649,24,Female,Hispanic,Life,1
1650,25,Male,White,Health,1
1651,49,Male,Black,Auto,0
1652,28,Female,Hispanic,Health,1
1653,65,Female,White,Health,0
1654,43,Female,Black,Life,1
1655,72,Female,Other,Health,0
1656,42,Female,Asian,Auto,1
1657,24,Male,Hispanic,Health,1
1658,37,Male,White,Auto,0
1659,58,Male,Other,Health,1
1660,74,Male,Black,Life,1
1661,68,Female,White,Health,0
1662,75,Male,Black,Life,0
1663,47,Male,Hispanic,Auto,0
1664,73,Male,White,Auto,0
1665,18,Male,Asian,Life,1
1666,35,Female,Asian,Health,1
1667,25,Male,White,Health,1
1668,46,Male,Asian,Health,1
1669,57,Non-binary,Asian,Health,1
1670,39,Female,White,Home,1
1671,49,Female,White,Health,1
1672,57,Female,White,Life,1
1673,31,Female,White,Auto,1
1674,73,Male,Hispanic,Health,1
1675,19,Male,White,Home,1
1676,52,Female,Other,Home,1
1677,24,Male,Other,Home,1
1678,20,Male,White,Auto,1
1679,32,Male,White,Health,1
1680,60,Male,White,Health,1
1681,51,Female,White,Auto,1
1682,39,Male,White,Health,1
1683,35,Male,White,Life,1
1684,63,Female,White,Life,0
1685,35,Female,White,Health,0
1686,76,Female,Asian,Auto,1
1687,51,Male,White,Home,0
1688,53,Male,White,Health,0
1689,63,Female,Black,Health,1
1690,56,Male,White,Health,1
1691,64,Male,White,Health,1
1692,55,Female,Black,Health,1
1693,54,Male,Black,Health,1
1694,69,Male,White,Health,0
1695,35,Male,White,Auto,1
1696,60,Male,White,Health,1
1697,57,Male,White,Health,1
1698,46,Male,Hispanic,Life,1
1699,29,Male,White,Auto,1
1700,35,Male,White,Health,0
1701,48,Male,Hispanic,Life,0
1702,32,Female,Asian,Health,1
1703,76,Female,Asian,Health,1
1704,57,Male,White,Home,0
1705,75,Non-binary,White,Health,0
1706,47,Female,White,Life,1
1707,53,Female,Hispanic,Life,1
1708,45,Male,Hispanic,Health,1
1709,70,Female,White,Health,0
1710,32,Female,White,Health,1
1711,60,Male,White,Health,1
1712,50,Female,White,Home,1
1713,19,Female,Other,Auto,1
1714,76,Male,White,Health,0
1715,25,Female,White,Auto,1
1716,65,Male,Asian,Health,1
1717,50,Male,White,Health,1
1718,52,Male,White,Health,1
1719,35,Female,White,Life,1
1720,43,Female,Black,Health,0
1721,65,Female,White,Auto,1
1722,38,Female,White,Health,1
1723,45,Male,White,Auto,0
1724,37,Male,White,Health,0
1725,69,Female,White,Health,1
1726,62,Female,Hispanic,Auto,1
1727,37,Female,White,Auto,1
1728,76,Male,White,Health,1
1729,21,Female,Black,Life,0
1730,53,Male,White,Health,0
1731,71,Male,White,Life,1
1732,51,Female,Hispanic,Auto,1
1733,62,Female,White,Life,1
1734,30,Male,Black,Auto,0
1735,48,Female,White,Health,0
1736,69,Male,Hispanic,Life,1
1737,56,Male,Other,Life,1
1738,24,Female,White,Home,1
1739,34,Male,White,Health,0
1740,59,Female,White,Auto,1
1741,29,Female,Asian,Auto,1
1742,74,Male,White,Auto,1
1743,72,Female,Black,Home,1
1744,76,Male,Black,Auto,0
1745,71,Male,White,Auto,1
1746,47,Female,White,Health,0
1747,65,Male,White,Health,1
1748,51,Male,Hispanic,Health,1
1749,39,Female,White,Health,1
1750,38,Female,White,Health,0
1751,26,Female,White,Health,1
1752,29,Female,White,Auto,1
1753,34,Female,White,Auto,1
1754,33,Female,Asian,Life,0
1755,22,Male,Black,Auto,0
1756,36,Female,Hispanic,Auto,1
1757,74,Male,Black,Health,0
1758,45,Non-binary,Black,Life,0
1759,34,Male,White,Health,0
1760,39,Female,Asian,Home,1
1761,52,Female,White,Auto,0
1762,66,Female,White,Health,1
1763,76,Female,White,Health,1
1764,32,Male,White,Health,0
1765,36,Female,White,Health,1
1766,64,Male,White,Health,0
1767,67,Female,Hispanic,Auto,1
1768,43,Female,White,Health,1
1769,61,Female,White,Auto,1
1770,77,Male,Asian,Life,1
1771,61,Male,White,Auto,1
1772,73,Female,White,Health,1
1773,52,Male,Hispanic,Health,1
1774,60,Female,White,Health,0
1775,40,Female,White,Life,1
1776,27,Male,White,Auto,0
1777,39,Female,White,Auto,1
1778,64,Female,White,Health,1
1779,72,Female,White,Health,1
1780,28,Female,White,Life,1
1781,72,Male,White,Auto,0
1782,43,Male,Other,Home,0
1783,18,Female,White,Home,1
1784,69,Male,Hispanic,Life,0
1785,53,Female,White,Health,1
1786,70,Female,Black,Health,0
1787,75,Female,White,Health,0
1788,38,Non-binary,White,Home,1
1789,25,Female,White,Health,1
1790,37,Male,Hispanic,Life,1
1791,62,Female,White,Home,0
1792,34,Male,White,Life,0
1793,32,Male,White,Auto,0
1794,38,Female,White,Health,1
1795,18,Female,Black,Health,0
1796,77,Male,Hispanic,Auto,1
1797,20,Male,White,Home,1
1798,48,Female,White,Home,1
1799,73,Female,White,Health,0
1800,75,Male,Other,Health,1
1801,48,Male,White,Auto,1
1802,38,Female,White,Auto,1
1803,40,Male,White,Health,0
1804,34,Female,White,Health,1
1805,39,Female,Hispanic,Home,0
1806,77,Male,White,Home,0
1807,73,Male,Hispanic,Auto,1
1808,39,Female,White,Auto,1
1809,53,Male,Black,Health,0
1810,76,Male,White,Life,0
1811,25,Female,Hispanic,Health,1
1812,64,Male,White,Health,1
1813,25,Female,Black,Health,0
1814,31,Female,Hispanic,Health,0
1815,55,Female,White,Life,1
1816,41,Male,White,Home,1
1817,77,Male,Other,Auto,0
1818,39,Male,White,Life,1
1819,32,Female,Asian,Health,1
1820,37,Male,White,Auto,1
1821,44,Male,White,Life,1
1822,45,Female,White,Auto,1
1823,39,Female,White,Health,1
1824,48,Male,White,Life,1
1825,26,Male,White,Health,0
1826,73,Female,Other,Health,1
1827,40,Female,Hispanic,Auto,1
1828,22,Female,White,Health,1
1829,62,Male,White,Auto,1
1830,56,Male,Black,Auto,1
1831,34,Female,White,Health,0
1832,57,Female,Hispanic,Home,1
1833,22,Male,White,Life,1
1834,72,Male,Black,Health,0
1835,24,Female,Black,Life,1
1836,25,Female,Black,Health,1
1837,24,Male,White,Life,0
1838,39,Female,White,Life,0
1839,61,Non-binary,White,Health,0
1840,55,Female,Black,Auto,1
1841,70,Male,White,Life,0
1842,38,Female,Hispanic,Health,0
1843,21,Male,White,Health,1
1844,49,Male,White,Health,1
1845,72,Female,White,Health,1
1846,46,Female,Black,Health,0
1847,77,Female,Hispanic,Health,1
1848,76,Male,Hispanic,Health,1
1849,47,Male,Asian,Health,1
1850,20,Female,Other,Auto,1
1851,22,Male,Hispanic,Home,1
1852,36,Male,White,Home,1
1853,25,Female,White,Health,1
1854,54,Non-binary,White,Life,0
1855,48,Female,Other,Home,1
1856,44,Male,White,Home,1
1857,30,Female,White,Home,1
1858,59,Non-binary,Asian,Life,0
1859,23,Female,White,Health,1
1860,18,Male,Black,Health,0
1861,47,Female,Hispanic,Auto,1
1862,28,Female,Hispanic,Health,1
1863,69,Female,Hispanic,Home,1
1864,58,Female,Hispanic,Health,1
1865,48,Male,Black,Home,1
1866,33,Female,White,Life,0
1867,32,Female,Black,Auto,1
1868,22,Male,Hispanic,Health,1
1869,32,Male,White,Health,0
1870,18,Male,White,Auto,1
1871,32,Female,White,Life,1
1872,53,Female,White,Home,1
1873,77,Male,White,Health,0
1874,65,Female,Hispanic,Health,0
1875,71,Female,White,Health,1
1876,56,Female,White,Health,1
1877,72,Male,White,Life,0
1878,25,Female,White,Health,0
1879,70,Female,White,Auto,1
1880,39,Male,White,Auto,1
1881,44,Male,Asian,Health,1
1882,76,Male,Hispanic,Auto,1
1883,51,Female,Hispanic,Auto,0
1884,47,Female,White,Health,1
1885,29,Female,Hispanic,Auto,0
1886,75,Male,Hispanic,Health,0
1887,77,Male,Other,Auto,1
1888,19,Female,White,Home,1
1889,63,Male,White,Life,0
1890,68,Female,White,Auto,0
1891,69,Male,Asian,Life,1
1892,55,Male,Black,Life,1
1893,39,Female,White,Health,0
1894,68,Non-binary,White,Life,1
1895,34,Male,Hispanic,Auto,1
1896,52,Male,Asian,Life,1
1897,69,Male,Hispanic,Health,1
1898,74,Male,Hispanic,Home,1
1899,59,Female,White,Auto,1
1900,73,Female,White,Health,1
1901,62,Female,Hispanic,Auto,1
1902,69,Female,Hispanic,Health,0
1903,40,Male,Black,Health,1
1904,46,Female,White,Health,0
1905,46,Female,White,Health,0
1906,74,Female,White,Auto,1
1907,67,Female,Black,Health,1
1908,36,Female,White,Health,1
1909,34,Female,Asian,Auto,1
1910,25,Female,Black,Health,0
1911,67,Female,White,Health,1
1912,24,Female,White,Health,1
1913,72,Male,Hispanic,Auto,1
1914,28,Female,White,Health,1
1915,20,Male,Black,Health,1
1916,19,Female,White,Auto,1
1917,36,Female,White,Health,0
1918,45,Female,White,Auto,1
1919,73,Female,White,Health,1
1920,45,Female,White,Life,1
1921,42,Male,Black,Life,0
1922,28,Female,Black,Home,1
1923,57,Female,Other,Auto,0
1924,60,Female,Hispanic,Auto,1
1925,19,Male,White,Home,1
1926,29,Female,White,Health,1
1927,58,Female,Black,Auto,1
1928,55,Male,White,Health,0
1929,29,Female,Other,Auto,1
1930,67,Male,White,Health,0
1931,42,Female,Asian,Life,1
1932,54,Female,Other,Home,1
1933,48,Female,Black,Health,1
1934,71,Female,White,Life,1
1935,34,Male,White,Health,1
1936,65,Female,Black,Health,1
1937,29,Male,Hispanic,Auto,1
1938,47,Male,White,Health,1
1939,19,Male,White,Auto,1
1940,33,Female,Asian,Health,0
1941,18,Female,Other,Auto,0
1942,69,Female,White,Auto,1
1943,51,Female,Hispanic,Home,0
1944,62,Male,White,Life,0
1945,65,Female,Hispanic,Health,1
1946,18,Female,White,Health,1
1947,68,Male,Other,Home,1
1948,53,Male,Black,Life,0
1949,69,Female,White,Auto,1
1950,20,Male,White,Auto,1
1951,51,Male,White,Health,1
1952,29,Male,Black,Auto,0
1953,73,Male,Asian,Life,1
1954,75,Male,Hispanic,Health,0
1955,62,Female,Hispanic,Home,0
1956,44,Male,Hispanic,Health,0
1957,67,Male,Other,Auto,1
1958,54,Male,Hispanic,Health,1
1959,72,Female,White,Auto,1
1960,42,Female,Hispanic,Health,0
1961,29,Female,White,Health,0
1962,68,Female,Other,Home,0
1963,50,Female,White,Auto,1
1964,26,Male,White,Auto,1
1965,18,Male,White,Auto,0
1966,73,Male,Black,Health,0
1967,67,Male,White,Health,0
1968,40,Male,Other,Health,1
1969,45,Female,White,Auto,1
1970,20,Male,White,Life,0
1971,55,Female,White,Health,1
1972,71,Female,White,Auto,1
1973,53,Non-binary,White,Health,1
1974,73,Male,White,Health,0
1975,61,Female,White,Auto,1
1976,61,Female,White,Health,1
1977,22,Female,White,Auto,1
1978,72,Female,Hispanic,Health,0
1979,46,Female,White,Home,1
1980,70,Male,White,Auto,0
1981,30,Male,White,Health,1
1982,61,Male,White,Health,0
1983,21,Female,White,Health,0
1984,23,Male,Black,Health,1
1985,68,Male,Other,Auto,0
1986,55,Female,White,Life,1
1987,23,Male,White,Health,0
1988,28,Female,White,Auto,1
1989,44,Female,White,Health,1
1990,71,Male,White,Auto,0
1991,63,Male,White,Health,0
1992,76,Female,Asian,Home,1
1993,52,Non-binary,White,Life,1
1994,57,Female,White,Home,1
1995,21,Male,Hispanic,Health,0
1996,44,Male,White,Auto,1
1997,33,Male,White,Life,1
1998,35,Female,Black,Life,0
1999,24,Male,White,Health,0
2000,28,Male,Hispanic,Home,1
2001,25,Female,White,Home,0
2002,76,Male,White,Health,0
2003,69,Male,Hispanic,Auto,1
2004,23,Female,White,Health,0
2005,73,Female,White,Life,0
2006,65,Female,White,Auto,1
2007,22,Female,Hispanic,Health,1
2008,74,Female,Hispanic,Health,0
2009,23,Female,White,Health,1
2010,55,Female,Hispanic,Health,1
2011,77,Female,Hispanic,Health,1
2012,19,Female,Other,Auto,1
2013,48,Female,White,Life,1
2014,56,Female,Hispanic,Auto,1
2015,49,Male,White,Auto,1
2016,26,Male,Asian,Health,1
2017,32,Female,White,Health,1
2018,38,Male,White,Life,0
2019,63,Male,Hispanic,Health,0
2020,70,Female,Hispanic,Health,1
2021,45,Male,White,Health,0
2022,62,Female,Black,Auto,0
2023,44,Female,White,Life,1
2024,22,Male,White,Auto,1
2025,34,Male,White,Health,1
2026,54,Male,White,Life,0
2027,75,Male,Black,Health,1
2028,41,Male,White,Auto,1
2029,48,Male,White,Health,1
2030,52,Female,Asian,Home,0
2031,58,Male,White,Life,1
2032,58,Female,Black,Auto,1
2033,71,Female,Asian,Auto,0
2034,21,Male,White,Auto,1
2035,37,Male,White,Health,1
2036,60,Male,White,Life,1
2037,34,Female,White,Auto,1
2038,63,Female,White,Auto,1
2039,27,Male,White,Health,1
2040,54,Female,Asian,Health,0
2041,38,Non-binary,White,Auto,0
2042,38,Female,Hispanic,Auto,1
2043,77,Female,White,Health,1
2044,66,Male,White,Health,0
2045,33,Male,White,Auto,0
2046,50,Female,White,Health,1
2047,27,Female,Hispanic,Auto,1
2048,61,Female,White,Auto,0
2049,35,Male,White,Health,1
2050,50,Female,White,Life,1
2051,46,Female,White,Health,0
2052,48,Male,Hispanic,Life,0
2053,41,Male,Hispanic,Life,1
2054,77,Female,Hispanic,Auto,0
2055,29,Male,Black,Home,0
2056,37,Male,White,Life,0
2057,23,Male,White,Home,1
2058,25,Female,Black,Auto,1
2059,31,Female,White,Auto,1
2060,22,Male,Other,Auto,0
2061,71,Female,Other,Health,1
2062,53,Female,Asian,Home,1
2063,71,Male,White,Auto,1
2064,65,Female,White,Auto,1
2065,55,Female,Hispanic,Home,0
2066,20,Female,Hispanic,Home,1
2067,53,Male,Hispanic,Health,0
2068,39,Female,White,Life,1
2069,25,Male,Hispanic,Auto,1
2070,31,Male,White,Auto,0
2071,24,Female,White,Home,1
2072,21,Female,Hispanic,Life,0
2073,36,Female,White,Auto,1
2074,60,Male,Black,Health,1
2075,64,Male,White,Auto,1
2076,41,Female,Black,Auto,1
2077,33,Male,White,Health,0
2078,23,Male,White,Auto,1
2079,61,Female,White,Health,1
2080,25,Female,White,Auto,0
2081,42,Female,Hispanic,Life,0
2082,49,Male,White,Health,1
2083,42,Male,Hispanic,Life,1
2084,27,Female,White,Health,0
2085,60,Female,Black,Auto,0
2086,58,Non-binary,White,Auto,1
2087,75,Female,White,Life,1
2088,34,Female,Hispanic,Life,1
2089,77,Male,White,Auto,1
2090,63,Male,Other,Health,0
2091,20,Male,White,Auto,1
2092,26,Non-binary,Asian,Auto,0
2093,69,Male,White,Health,1
2094,75,Male,White,Health,0
2095,77,Female,White,Health,1
2096,35,Male,White,Health,1
2097,66,Male,White,Auto,1
2098,47,Female,White,Auto,1
2099,22,Female,White,Auto,1
2100,69,Female,Hispanic,Health,1
2101,49,Female,Hispanic,Home,1
2102,70,Male,White,Auto,0
2103,44,Female,White,Auto,1
2104,38,Female,White,Health,0
2105,41,Male,Hispanic,Auto,1
2106,55,Female,White,Auto,0
2107,20,Male,Black,Auto,1
2108,33,Male,White,Home,1
2109,32,Female,White,Life,1
2110,42,Male,Black,Life,1
2111,25,Male,White,Health,1
2112,58,Male,White,Health,1
2113,21,Male,Black,Health,1
2114,49,Female,White,Auto,1
2115,62,Female,White,Auto,0
2116,73,Female,Black,Life,1
2117,76,Male,White,Health,1
2118,52,Female,White,Health,1
2119,70,Male,Black,Health,1
2120,47,Male,Black,Health,1
2121,56,Male,White,Health,1
2122,65,Male,Hispanic,Health,0
2123,66,Female,White,Health,0
2124,47,Female,White,Life,0
2125,34,Female,White,Health,0
2126,36,Female,Black,Health,1
2127,69,Male,Asian,Health,0
2128,48,Female,Hispanic,Home,0
2129,34,Female,White,Auto,1
2130,73,Female,White,Home,0
2131,19,Male,Hispanic,Auto,0
2132,76,Female,Hispanic,Home,0
2133,54,Female,White,Health,1
2134,65,Male,White,Health,0
2135,46,Non-binary,Hispanic,Auto,0
2136,47,Male,Hispanic,Home,1
2137,71,Male,White,Life,1
2138,60,Female,Black,Auto,1
2139,39,Male,White,Health,1
2140,55,Female,White,Health,1
2141,28,Male,White,Health,1
2142,50,Male,White,Health,0
2143,36,Female,Hispanic,Health,0
2144,20,Male,White,Health,1
2145,57,Female,White,Life,1
2146,39,Female,Hispanic,Health,1
2147,35,Female,White,Health,1
2148,62,Female,Hispanic,Health,1
2149,47,Female,Hispanic,Health,1
2150,18,Female,White,Health,0
2151,37,Female,White,Health,0
2152,66,Female,Hispanic,Home,0
2153,22,Male,White,Auto,1
2154,29,Male,White,Health,0
2155,28,Female,Asian,Auto,1
2156,41,Non-binary,White,Health,1
2157,75,Female,White,Health,0
2158,35,Male,Black,Health,0
2159,25,Female,Black,Health,1
2160,46,Female,White,Life,1
2161,73,Male,White,Life,1
2162,39,Female,White,Health,1
2163,73,Female,Black,Auto,1
2164,62,Female,Hispanic,Health,1
2165,19,Male,White,Health,0
2166,40,Female,Black,Health,0
2167,33,Male,White,Auto,0
2168,61,Female,Asian,Health,1
2169,25,Male,White,Auto,1
2170,21,Female,Black,Life,1
2171,31,Male,Asian,Life,0
2172,26,Female,Hispanic,Health,1
2173,28,Female,Black,Health,0
2174,65,Non-binary,Hispanic,Health,1
2175,55,Male,Asian,Home,1
2176,61,Male,Hispanic,Life,1
2177,68,Male,Black,Life,0
2178,33,Male,Black,Auto,1
2179,30,Male,White,Auto,1
2180,53,Female,White,Health,1
2181,61,Female,White,Life,1
2182,53,Male,White,Life,1
2183,34,Male,Black,Health,0
2184,31,Female,White,Health,1
2185,46,Male,White,Life,1
2186,75,Female,White,Health,1
2187,34,Male,White,Life,1
2188,18,Male,White,Auto,0
2189,37,Male,Asian,Auto,0
2190,50,Male,Hispanic,Auto,0
2191,71,Female,White,Auto,1
2192,19,Male,White,Health,1
2193,34,Female,Black,Home,0
2194,40,Male,Black,Home,1
2195,39,Female,White,Auto,1
2196,18,Female,White,Auto,0
2197,29,Female,White,Auto,1
2198,30,Male,White,Auto,1
2199,31,Female,White,Home,0
2200,27,Male,Hispanic,Health,1
2201,29,Male,Hispanic,Health,1
2202,74,Female,White,Home,1
2203,39,Female,Hispanic,Health,1
2204,35,Male,Other,Life,1
2205,56,Female,Hispanic,Health,0
2206,36,Male,Hispanic,Home,0
2207,47,Male,Asian,Life,0
2208,32,Female,White,Home,1
2209,56,Female,White,Home,0
2210,31,Male,Other,Health,1
2211,26,Female,White,Auto,1
2212,22,Female,Hispanic,Auto,0
2213,50,Female,Hispanic,Life,1
2214,65,Male,White,Health,0
2215,22,Male,White,Home,1
2216,41,Female,White,Health,0
2217,25,Female,White,Life,0
2218,36,Female,White,Auto,1
2219,69,Female,White,Auto,1
2220,29,Male,White,Health,0
2221,25,Female,White,Health,1
2222,25,Male,White,Health,1
2223,72,Male,Hispanic,Auto,1
2224,55,Male,Hispanic,Auto,1
2225,37,Female,White,Life,1
2226,75,Male,White,Health,1
2227,46,Male,Other,Auto,1
2228,58,Male,White,Home,0
2229,51,Male,White,Life,0
2230,35,Male,White,Health,0
2231,18,Female,White,Life,0
2232,28,Male,White,Home,1
2233,64,Male,White,Home,1
2234,61,Female,White,Life,0
2235,52,Female,White,Auto,1
2236,68,Female,White,Health,1
2237,69,Male,Black,Auto,1
2238,49,Female,White,Auto,1
2239,68,Female,White,Health,1
2240,59,Female,Hispanic,Health,1
2241,33,Male,White,Health,0
2242,23,Male,White,Auto,1
2243,26,Female,White,Health,1
2244,57,Male,Hispanic,Auto,1
2245,39,Male,Hispanic,Home,0
2246,65,Female,White,Health,1
2247,25,Female,White,Home,1
2248,73,Female,White,Auto,1
2249,49,Female,Black,Health,1
2250,43,Female,Hispanic,Health,1
2251,71,Female,White,Health,0
2252,35,Female,White,Health,1
2253,54,Female,White,Life,1
2254,69,Female,White,Life,1
2255,29,Male,Black,Home,0
2256,55,Female,White,Auto,1
2257,51,Male,White,Auto,1
2258,21,Female,Black,Health,1
2259,33,Male,White,Auto,0
2260,41,Female,Black,Auto,0
2261,31,Male,Black,Health,0
2262,34,Female,White,Home,1
2263,68,Male,Asian,Auto,0
2264,48,Male,Black,Life,1
2265,21,Female,White,Auto,1
2266,67,Male,Hispanic,Health,0
2267,61,Male,Hispanic,Life,1
2268,51,Female,Hispanic,Health,1
2269,55,Non-binary,Black,Auto,0
2270,55,Male,White,Auto,1
2271,20,Male,White,Health,0
2272,25,Female,Black,Auto,1
2273,29,Male,White,Health,1
2274,52,Male,Hispanic,Health,1
2275,19,Female,White,Life,0
2276,70,Male,Black,Auto,0
2277,46,Female,White,Health,1
2278,40,Female,White,Auto,1
2279,50,Female,Hispanic,Life,1
2280,67,Non-binary,Black,Health,1
2281,35,Female,White,Auto,1
2282,57,Female,White,Auto,1
2283,75,Female,Hispanic,Home,0
2284,39,Male,Hispanic,Auto,0
2285,31,Male,White,Health,1
2286,46,Non-binary,White,Health,0
2287,62,Male,White,Auto,1
2288,32,Male,Asian,Health,1
2289,32,Female,White,Home,0
2290,62,Female,White,Health,1
2291,21,Male,White,Health,1
2292,53,Male,Hispanic,Health,1
2293,22,Male,Hispanic,Auto,0
2294,20,Female,White,Auto,1
2295,29,Female,White,Health,1
2296,37,Male,Black,Life,0
2297,61,Female,White,Health,1
2298,37,Male,White,Health,0
2299,56,Female,Hispanic,Health,0
2300,56,Male,Hispanic,Home,0
2301,18,Female,Other,Life,0
2302,61,Male,White,Life,1
2303,20,Male,White,Health,0
2304,64,Male,Hispanic,Auto,0
2305,26,Male,White,Auto,1
2306,71,Non-binary,White,Health,1
2307,71,Non-binary,White,Health,1
2308,37,Female,Other,Life,1
2309,75,Male,Hispanic,Health,1
2310,26,Male,White,Auto,1
2311,48,Male,White,Health,1
2312,63,Male,Hispanic,Auto,0
2313,45,Male,Hispanic,Health,0
2314,52,Female,Black,Health,1
2315,57,Male,White,Auto,1
2316,55,Female,White,Home,1
2317,61,Female,Black,Home,0
2318,19,Male,Asian,Health,1
2319,20,Female,White,Health,0
2320,31,Male,White,Auto,0
2321,34,Male,White,Auto,0
2322,52,Male,White,Life,1
2323,21,Female,White,Auto,1
2324,64,Male,Hispanic,Auto,0
2325,47,Female,White,Auto,1
2326,71,Male,White,Health,0
2327,75,Male,White,Auto,1
2328,56,Male,Hispanic,Auto,1
2329,68,Female,Hispanic,Life,0
2330,31,Female,White,Health,1
2331,65,Female,White,Health,0
2332,44,Male,White,Home,1
2333,30,Male,White,Auto,1
2334,72,Female,White,Home,0
2335,37,Male,Hispanic,Auto,0
2336,66,Male,White,Home,0
2337,66,Male,Other,Health,0
2338,41,Female,White,Health,1
2339,27,Female,White,Life,1
2340,24,Male,White,Life,1
2341,69,Female,White,Auto,1
2342,34,Female,White,Auto,1
2343,39,Male,Hispanic,Home,1
2344,76,Male,White,Health,1
2345,61,Female,White,Auto,1
2346,28,Female,Hispanic,Health,0
2347,59,Male,Asian,Health,1
2348,40,Female,Black,Auto,0
2349,71,Female,Hispanic,Life,1
2350,77,Female,White,Life,0
2351,39,Male,White,Home,0
2352,57,Male,White,Health,1
2353,64,Female,Other,Health,0
2354,71,Female,White,Health,0
2355,35,Male,White,Health,1
2356,72,Female,White,Health,1
2357,62,Female,White,Health,0
2358,43,Female,White,Auto,1
2359,65,Male,White,Health,1
2360,47,Female,White,Auto,0
2361,30,Male,White,Home,0
2362,21,Male,White,Life,0
2363,60,Male,White,Life,0
2364,44,Male,Black,Life,0
2365,68,Male,White,Health,1
2366,57,Male,Hispanic,Life,0
2367,27,Non-binary,White,Life,0
2368,61,Female,White,Health,1
2369,45,Female,Hispanic,Life,1
2370,38,Female,White,Auto,1
2371,69,Female,White,Health,1
2372,28,Male,Asian,Auto,1
2373,37,Female,White,Auto,0
2374,70,Male,White,Auto,0
2375,77,Male,Asian,Health,1
2376,53,Male,White,Auto,1
2377,36,Female,Black,Auto,0
2378,69,Male,White,Home,1
2379,27,Female,White,Life,1
2380,32,Female,White,Life,1
2381,62,Male,White,Health,0
2382,62,Female,Hispanic,Health,1
2383,70,Female,Asian,Health,1
2384,77,Male,White,Auto,1
2385,35,Female,Hispanic,Health,0
2386,24,Female,White,Auto,1
2387,47,Male,White,Health,1
2388,31,Male,Other,Auto,0
2389,54,Non-binary,White,Health,1
2390,58,Female,White,Health,1
2391,47,Male,White,Life,1
2392,71,Male,White,Auto,1
2393,44,Female,White,Life,0
2394,66,Male,Black,Auto,0
2395,74,Female,Hispanic,Life,1
2396,54,Female,White,Health,1
2397,65,Female,White,Health,1
2398,58,Male,White,Auto,1
2399,34,Female,White,Home,1
2400,47,Male,Asian,Auto,1
2401,35,Male,Asian,Auto,0
2402,20,Female,Hispanic,Health,1
2403,45,Female,Black,Auto,0
2404,54,Female,Hispanic,Auto,1
2405,47,Female,White,Life,1
2406,71,Male,White,Auto,0
2407,38,Male,White,Health,1
2408,66,Female,Hispanic,Health,1
2409,37,Male,White,Health,0
2410,39,Female,White,Auto,1
2411,53,Female,White,Health,1
2412,53,Female,Black,Auto,1
2413,38,Female,Hispanic,Life,1
2414,41,Male,White,Health,1
2415,38,Male,Black,Auto,1
2416,24,Male,White,Life,1
2417,25,Male,Hispanic,Auto,0
2418,39,Male,White,Auto,1
2419,39,Male,White,Auto,1
2420,47,Non-binary,White,Health,1
2421,51,Male,White,Health,1
2422,46,Female,Hispanic,Health,1
2423,27,Male,Other,Health,1
2424,22,Male,White,Life,1
2425,66,Male,White,Health,1
2426,74,Male,Black,Home,0
2427,56,Female,White,Life,0
2428,51,Female,White,Auto,1
2429,55,Female,White,Life,0
2430,27,Female,Hispanic,Health,1
2431,26,Female,Hispanic,Auto,0
2432,77,Female,Hispanic,Home,0
2433,49,Female,White,Health,1
2434,22,Male,Hispanic,Health,0
2435,52,Non-binary,Black,Health,1
2436,28,Female,White,Auto,1
2437,59,Female,Hispanic,Health,1
2438,33,Female,Other,Auto,1
2439,44,Male,Asian,Life,0
2440,37,Female,Hispanic,Health,1
2441,68,Female,Hispanic,Life,1
2442,18,Female,Black,Health,0
2443,43,Female,Hispanic,Health,1
2444,28,Male,White,Health,1
2445,32,Male,White,Life,1
2446,56,Female,Hispanic,Life,1
2447,57,Male,Asian,Health,1
2448,65,Female,White,Health,1
2449,35,Female,Hispanic,Life,0
2450,41,Male,White,Auto,0
2451,45,Male,Asian,Health,1
2452,42,Female,Black,Auto,0
2453,40,Male,White,Life,1
2454,28,Male,Hispanic,Health,0
2455,50,Female,Hispanic,Health,0
2456,33,Female,Asian,Health,1
2457,53,Female,Asian,Auto,1
2458,40,Female,White,Health,1
2459,23,Female,White,Life,1
2460,60,Female,Hispanic,Life,1
2461,41,Female,Asian,Auto,1
2462,55,Female,White,Health,1
2463,59,Male,White,Home,1
2464,23,Male,White,Auto,1
2465,27,Female,White,Auto,1
2466,39,Male,Hispanic,Home,0
2467,40,Male,White,Life,1
2468,22,Non-binary,White,Auto,1
2469,45,Male,Asian,Auto,0
2470,76,Male,White,Health,0
2471,26,Male,Hispanic,Home,0
2472,56,Female,White,Life,1
2473,66,Female,Black,Health,0
2474,76,Female,White,Life,0
2475,61,Female,White,Life,1
2476,45,Female,White,Health,1
2477,42,Female,Hispanic,Auto,1
2478,60,Male,White,Health,1
2479,55,Male,White,Life,0
2480,44,Male,Hispanic,Health,1
2481,41,Male,White,Auto,1
2482,74,Female,Asian,Health,0
2483,60,Male,White,Health,1
2484,60,Female,White,Health,0
2485,63,Male,White,Auto,1
2486,33,Male,White,Health,1
2487,19,Male,White,Auto,0
2488,19,Female,White,Auto,1
2489,22,Female,White,Auto,1
2490,63,Non-binary,Hispanic,Auto,0
2491,38,Female,Hispanic,Health,0
2492,77,Female,Black,Health,0
2493,27,Male,White,Health,0
2494,59,Female,Black,Auto,1
2495,35,Female,White,Life,0
2496,43,Male,Asian,Health,0
2497,37,Male,White,Auto,1
2498,58,Female,Black,Health,0
2499,53,Male,Black,Health,1
2500,66,Female,Black,Auto,1
