applicant_id,age,gender,race,income_bracket,loan_approved
1,66,Male,White,Medium,1
2,66,Male,Hispanic,Medium,0
3,68,Female,White,Medium,1
4,34,Male,White,High,1
5,53,Male,White,Low,0
6,22,Male,Black,Medium,1
7,21,Female,Hispanic,Medium,0
8,31,Female,White,Medium,1
9,26,Female,Hispanic,Medium,1
10,52,Male,Other,Medium,1
11,35,Male,White,Low,1
12,32,Male,Hispanic,Medium,1
13,57,Male,White,Medium,1
14,49,Male,White,Low,1
15,64,Male,White,Low,1
16,42,Female,White,Medium,1
17,66,Non-binary,Other,Medium,0
18,34,Male,White,Medium,0
19,39,Female,Black,High,0
20,25,Male,White,Medium,1
21,55,Female,Black,High,1
22,45,Female,White,High,1
23,70,Female,Hispanic,Medium,0
24,58,Male,White,Medium,0
25,29,Male,Asian,Medium,1
26,27,Male,Hispanic,Medium,0
27,38,Male,Black,Medium,0
28,22,Female,White,Low,0
29,30,Female,White,Low,1
30,64,Female,Hispanic,Low,1
31,22,Female,White,Medium,1
32,65,Female,White,Medium,1
33,28,Male,White,Medium,0
34,27,Male,White,Medium,1
35,55,Female,White,High,1
36,43,Male,White,Medium,1
37,28,Male,White,Low,1
38,41,Male,White,Medium,1
39,53,Female,White,High,1
40,67,Female,White,Medium,0
41,21,Male,Hispanic,Medium,0
42,32,Female,White,Low,0
43,31,Female,Black,Medium,0
44,68,Female,White,High,1
45,50,Female,White,Medium,0
46,24,Female,White,Medium,1
47,54,Female,White,Low,0
48,43,Male,Hispanic,High,1
49,52,Male,White,Low,1
50,23,Female,Black,Low,0
51,48,Male,Asian,Medium,0
52,24,Male,White,High,1
53,70,Female,White,Medium,1
54,32,Male,White,Medium,1
55,44,Male,Asian,Medium,0
56,53,Male,Black,Low,1
57,23,Female,Black,Low,0
58,24,Female,White,Medium,0
59,50,Female,Hispanic,Low,0
60,26,Female,Hispanic,High,1
61,69,Male,White,Low,1
62,50,Male,Black,Medium,1
63,28,Male,White,Medium,1
64,38,Female,White,Medium,0
65,36,Male,Hispanic,Medium,0
66,26,Female,White,High,0
67,44,Female,White,Medium,0
68,71,Male,White,Medium,1
69,48,Female,White,Medium,0
70,52,Male,White,Low,1
71,45,Male,Other,Medium,1
72,48,Female,White,Medium,1
73,41,Non-binary,White,High,0
74,28,Female,Black,High,1
75,56,Female,White,Low,0
76,29,Male,White,Low,0
77,60,Male,White,Low,0
78,41,Male,White,High,1
79,71,Male,White,Low,1
80,21,Male,White,Medium,0
81,24,Female,White,Medium,0
82,30,Female,Hispanic,Medium,0
83,46,Female,White,Low,1
84,60,Female,Asian,Low,1
85,23,Male,Black,Medium,0
86,64,Female,White,Low,1
87,29,Female,Other,Low,1
88,52,Male,White,Low,1
89,23,Female,White,Medium,1
90,24,Male,White,Medium,1
91,26,Female,Hispanic,Low,0
92,29,Female,White,Medium,0
93,46,Female,White,Low,1
94,22,Non-binary,White,Medium,1
95,22,Female,Hispanic,Low,0
96,70,Male,White,Medium,1
97,41,Male,White,Low,0
98,42,Male,White,High,1
99,23,Male,Hispanic,Low,0
100,55,Female,White,High,1
101,70,Male,White,High,0
102,58,Non-binary,Hispanic,Medium,0
103,53,Female,White,High,1
104,35,Male,Black,Low,1
105,31,Female,Other,Low,0
106,30,Male,Hispanic,Low,0
107,56,Female,White,Low,1
108,34,Female,White,Medium,0
109,22,Male,White,Medium,0
110,65,Female,Asian,Low,0
111,68,Female,Other,Medium,1
112,64,Female,White,Low,0
113,57,Female,Black,Medium,1
114,71,Male,Hispanic,High,0
115,49,Male,White,Medium,1
116,55,Female,White,Medium,0
117,40,Non-binary,White,Medium,1
118,41,Male,White,Medium,1
119,54,Male,Asian,Low,1
120,69,Male,Asian,High,1
121,63,Male,White,Medium,1
122,53,Male,White,Medium,1
123,39,Male,White,High,0
124,28,Female,Hispanic,High,0
125,51,Male,Black,Medium,0
126,31,Male,White,Low,1
127,28,Male,Black,Medium,0
128,45,Female,White,Medium,1
129,69,Female,White,Medium,0
130,40,Non-binary,Other,Low,1
131,58,Female,White,Medium,0
132,27,Male,White,Medium,1
133,33,Male,White,Low,0
134,59,Female,White,High,1
135,63,Female,White,Low,1
136,30,Female,White,Low,0
137,28,Female,Hispanic,Medium,0
138,62,Female,White,High,1
139,63,Male,White,High,1
140,40,Female,White,Medium,0
141,37,Female,Hispanic,Low,0
142,31,Male,White,High,1
143,36,Female,Hispanic,High,1
144,57,Female,White,Low,0
145,62,Male,White,Medium,0
146,52,Male,White,Medium,0
147,46,Male,Other,Medium,0
148,57,Male,White,High,1
149,29,Male,White,Low,1
150,55,Male,White,Medium,0
151,23,Male,White,Low,0
152,51,Male,White,Medium,0
153,62,Female,White,Medium,0
154,27,Male,White,Low,1
155,22,Male,White,Medium,1
156,45,Male,White,High,1
157,60,Female,White,Medium,0
158,32,Male,Black,Medium,1
159,50,Male,White,Low,0
160,50,Male,White,Medium,1
161,49,Non-binary,White,Medium,1
162,61,Female,White,High,1
163,31,Male,Black,Low,0
164,71,Male,Black,Medium,1
165,43,Male,Black,Low,0
166,37,Male,White,Low,1
167,33,Female,White,Medium,1
168,53,Female,White,Low,1
169,21,Female,White,Low,0
170,60,Male,White,Medium,1
171,33,Female,White,Medium,0
172,58,Male,Hispanic,Medium,0
173,23,Male,White,Medium,1
174,36,Female,Other,Medium,1
175,62,Male,White,Medium,1
176,27,Female,Hispanic,Low,0
177,23,Female,White,Medium,0
178,34,Male,Hispanic,Low,0
179,36,Female,White,Medium,1
180,24,Male,White,Medium,1
181,51,Male,White,Low,1
182,33,Female,Other,Medium,1
183,47,Female,Other,High,1
184,21,Male,White,Low,0
185,45,Female,Black,Low,0
186,57,Non-binary,White,High,0
187,70,Male,White,Low,1
188,64,Female,White,Low,1
189,31,Female,Other,Medium,1
190,29,Female,White,Medium,1
191,27,Male,White,Medium,0
192,34,Female,White,Medium,1
193,50,Male,White,High,0
194,44,Female,White,Medium,0
195,23,Female,White,High,1
196,68,Male,White,Medium,0
197,59,Male,White,Low,0
198,47,Female,White,High,1
199,21,Female,White,Low,0
200,58,Male,Hispanic,Medium,1
201,46,Male,White,Low,0
202,26,Female,Hispanic,Medium,0
203,62,Male,White,High,1
204,32,Male,White,Medium,1
205,71,Female,White,Low,0
206,58,Male,Black,Low,1
207,66,Male,Hispanic,Medium,1
208,55,Male,White,Low,1
209,30,Female,White,Medium,1
210,29,Male,Black,Medium,0
211,43,Female,White,Medium,0
212,50,Female,Black,Medium,0
213,71,Male,White,Medium,0
214,42,Female,Black,Low,0
215,67,Male,White,Medium,0
216,29,Female,White,High,0
217,39,Male,Black,Low,1
218,28,Female,White,Low,0
219,24,Male,White,Medium,0
220,25,Male,White,Low,0
221,39,Female,White,Low,0
222,66,Male,White,Medium,1
223,38,Female,Other,Low,0
224,49,Male,Black,Low,0
225,39,Male,White,High,1
226,26,Female,Hispanic,Low,1
227,25,Male,White,High,1
228,63,Female,Black,Low,0
229,25,Female,White,Medium,0
230,28,Male,Hispanic,Medium,0
231,47,Female,Hispanic,Low,0
232,57,Male,White,Medium,0
233,63,Male,White,High,1
234,65,Female,White,Low,1
235,58,Male,White,Medium,1
236,57,Male,White,Medium,0
237,38,Female,White,Medium,1
238,46,Female,Black,Medium,1
239,62,Female,Hispanic,Low,1
240,36,Female,White,Low,1
241,42,Female,White,Medium,0
242,66,Female,Hispanic,High,0
243,43,Male,Asian,Medium,0
244,67,Non-binary,White,Medium,0
245,23,Male,White,Low,1
246,23,Female,Black,Medium,0
247,32,Female,Hispanic,Medium,0
248,43,Female,White,Medium,0
249,67,Female,Black,High,1
250,31,Male,Black,Low,0
251,62,Male,White,Low,0
252,67,Female,Hispanic,High,1
253,70,Male,White,Low,1
254,66,Female,Black,Medium,0
255,49,Male,White,Medium,1
256,26,Female,White,Medium,0
257,66,Female,Black,Low,0
258,36,Male,Hispanic,Low,0
259,54,Female,Other,Medium,0
260,71,Female,White,Low,1
261,57,Male,White,Medium,1
262,31,Female,Other,Medium,0
263,31,Female,Black,Medium,0
264,45,Male,Asian,Medium,0
265,39,Female,White,High,1
266,52,Male,White,Medium,1
267,70,Male,White,Medium,1
268,28,Female,Hispanic,High,0
269,32,Female,Hispanic,Medium,0
270,61,Female,White,High,0
271,55,Male,White,Low,1
272,26,Male,White,High,0
273,41,Male,Black,Medium,1
274,46,Female,White,Medium,1
275,21,Male,Black,High,0
276,37,Female,White,Low,1
277,55,Male,White,Medium,1
278,47,Female,White,Medium,1
279,70,Female,Black,Low,0
280,70,Female,White,Medium,1
281,22,Male,Asian,Low,1
282,56,Female,Black,High,1
283,21,Female,White,Low,0
284,30,Female,White,Medium,1
285,51,Male,Asian,Low,0
286,57,Non-binary,White,Low,1
287,25,Male,White,Medium,0
288,61,Male,Asian,Medium,1
289,66,Female,Black,Low,0
290,33,Female,White,High,1
291,65,Female,White,Low,1
292,44,Male,Hispanic,Medium,0
293,47,Male,White,Medium,0
294,21,Female,White,Medium,1
295,69,Male,White,Low,0
296,40,Female,White,Medium,0
297,28,Female,Other,Medium,1
298,23,Male,Black,Low,1
299,69,Male,Black,Low,0
300,52,Female,Other,Low,0
301,64,Male,White,Low,0
302,45,Male,White,Low,0
303,45,Male,Black,Low,1
304,70,Male,White,Medium,1
305,34,Female,White,Medium,0
306,63,Female,White,Medium,0
307,47,Female,White,Low,1
308,68,Male,White,Medium,0
309,52,Female,White,Medium,0
310,47,Non-binary,White,Medium,0
311,24,Female,White,Medium,1
312,70,Female,White,Medium,1
313,59,Male,White,Low,0
314,31,Female,Other,Medium,0
315,68,Male,Asian,Low,1
316,68,Female,White,High,0
317,23,Female,Other,Medium,1
318,45,Female,Other,Medium,1
319,44,Female,White,High,1
320,29,Female,White,Medium,1
321,28,Male,Other,Medium,0
322,59,Male,Black,Low,0
323,51,Female,White,Medium,1
324,37,Male,Black,High,0
325,63,Male,White,High,0
326,51,Male,White,Medium,1
327,24,Male,White,Medium,0
328,24,Non-binary,White,Medium,0
329,57,Male,White,Medium,0
330,28,Female,Hispanic,Medium,0
331,62,Female,White,Medium,1
332,69,Male,White,Medium,1
333,26,Female,White,High,0
334,29,Male,White,Medium,0
335,62,Female,Other,Low,1
336,28,Male,White,Low,1
337,52,Male,White,High,0
338,35,Male,White,High,1
339,38,Male,White,Medium,1
340,43,Female,White,Medium,1
341,25,Male,White,High,1
342,70,Female,White,High,1
343,47,Male,White,Medium,1
344,53,Female,Asian,Low,1
345,22,Female,White,Medium,0
346,62,Female,White,Low,0
347,58,Male,Hispanic,High,0
348,48,Female,Hispanic,Low,0
349,44,Male,White,Medium,0
350,71,Male,Other,Medium,1
351,41,Female,Black,Medium,1
352,51,Non-binary,White,Medium,1
353,31,Female,White,Low,1
354,70,Female,White,Medium,0
355,48,Female,White,Medium,0
356,68,Non-binary,White,Medium,1
357,60,Female,Black,High,0
358,24,Male,Hispanic,Medium,0
359,63,Female,White,Medium,1
360,62,Male,White,Medium,0
361,36,Male,White,Medium,1
362,32,Female,Black,Medium,1
363,42,Male,Hispanic,Medium,0
364,55,Male,White,High,1
365,63,Male,Black,Medium,0
366,36,Female,White,Medium,0
367,44,Non-binary,Hispanic,Medium,0
368,55,Male,White,Medium,1
369,48,Male,White,Medium,0
370,62,Male,White,High,0
371,49,Female,Hispanic,Low,0
372,41,Female,White,Medium,0
373,68,Female,Other,Medium,0
374,45,Male,White,Low,1
375,59,Female,White,High,0
376,51,Female,White,Low,0
377,35,Male,Black,Low,0
378,67,Male,Hispanic,High,0
379,62,Male,Hispanic,Low,0
380,55,Non-binary,Black,Medium,1
381,58,Female,Black,High,0
382,70,Female,Asian,Medium,0
383,42,Female,White,Medium,0
384,25,Female,Hispanic,Low,1
385,68,Female,Asian,Low,0
386,33,Male,White,Medium,0
387,52,Male,Hispanic,Low,0
388,23,Female,White,Medium,0
389,35,Female,White,Medium,0
390,47,Male,Black,Medium,1
391,47,Male,White,Low,0
392,50,Male,White,Medium,1
393,26,Male,Hispanic,Medium,1
394,45,Male,White,Low,1
395,48,Female,White,Medium,0
396,42,Female,Black,Medium,1
397,24,Female,White,High,1
398,35,Female,White,High,1
399,46,Female,White,Medium,0
400,38,Male,White,Medium,0
401,29,Male,White,Low,1
402,24,Male,Asian,Low,1
403,68,Female,White,Medium,1
404,70,Male,White,Low,1
405,25,Female,Other,Medium,1
406,65,Male,Hispanic,Low,0
407,26,Female,White,Low,0
408,71,Male,White,Medium,1
409,32,Female,Hispanic,Low,0
410,51,Male,Black,Medium,0
411,67,Male,Hispanic,Low,1
412,29,Female,White,Medium,1
413,27,Non-binary,White,Medium,0
414,49,Female,White,Medium,1
415,34,Female,Black,Medium,0
416,71,Female,Black,Low,0
417,40,Female,White,Medium,0
418,68,Male,White,Medium,0
419,52,Male,Other,High,1
420,42,Male,White,Low,1
421,56,Non-binary,White,Low,1
422,64,Female,Hispanic,Low,0
423,38,Female,White,Low,1
424,60,Male,White,Low,0
425,69,Male,White,Medium,1
426,45,Non-binary,White,Medium,1
427,51,Male,White,High,1
428,55,Female,Asian,Low,1
429,46,Male,White,High,0
430,24,Male,Black,Medium,1
431,62,Female,White,High,1
432,68,Male,White,High,1
433,40,Male,Hispanic,Medium,0
434,54,Female,White,Medium,0
435,32,Female,Black,Medium,1
436,36,Female,White,Medium,1
437,62,Female,White,High,1
438,25,Male,White,Medium,0
439,64,Male,Black,Low,0
440,55,Female,White,Medium,0
441,64,Male,Asian,Medium,1
442,47,Male,White,Medium,0
443,21,Female,White,Low,1
444,54,Male,White,Medium,1
445,63,Female,White,Low,0
446,52,Male,White,High,1
447,64,Male,Hispanic,Low,1
448,59,Male,White,High,1
449,53,Female,White,Low,1
450,51,Male,Other,Low,1
451,33,Female,White,Low,0
452,65,Female,White,Medium,1
453,22,Male,White,Medium,0
454,50,Female,White,Low,0
455,30,Female,White,Medium,1
456,43,Female,White,Low,1
457,53,Male,White,High,0
458,59,Female,Black,Low,0
459,65,Female,Hispanic,Medium,1
460,49,Male,Hispanic,Medium,0
461,50,Male,White,High,1
462,54,Male,White,High,1
463,59,Male,White,High,1
464,37,Male,White,Low,1
465,42,Male,White,High,0
466,25,Male,White,Medium,1
467,31,Female,White,High,0
468,42,Female,Hispanic,Medium,0
469,52,Female,White,High,1
470,44,Female,Other,Medium,0
471,31,Male,Hispanic,Medium,1
472,31,Male,White,Medium,1
473,37,Female,White,Medium,0
474,52,Male,White,Medium,1
475,39,Male,Black,Medium,1
476,47,Male,White,Medium,1
477,52,Male,White,Medium,1
478,45,Male,White,Medium,0
479,48,Male,White,Low,1
480,60,Male,Asian,High,1
481,47,Female,White,Medium,1
482,34,Male,White,Low,1
483,62,Female,White,Medium,0
484,59,Female,Hispanic,Low,0
485,22,Female,Black,Low,0
486,37,Male,Hispanic,Medium,1
487,21,Female,Hispanic,Medium,0
488,65,Male,Hispanic,Low,1
489,52,Male,White,Medium,1
490,39,Female,White,High,0
491,34,Male,White,Low,1
492,51,Male,White,Low,1
493,38,Male,White,High,1
494,34,Male,White,Medium,1
495,67,Male,White,Medium,1
496,34,Non-binary,Black,Low,0
497,44,Male,White,Medium,1
498,25,Male,White,Medium,0
499,36,Female,Hispanic,High,0
500,25,Female,White,Medium,0
501,33,Female,Black,Medium,0
502,36,Female,White,High,1
503,35,Female,Other,High,1
504,51,Female,Hispanic,Low,0
505,25,Male,White,High,1
506,41,Female,Black,Medium,0
507,50,Female,White,Medium,0
508,43,Female,White,Medium,0
509,58,Non-binary,Hispanic,Medium,1
510,49,Male,Black,Low,0
511,33,Male,White,Medium,1
512,52,Non-binary,White,Medium,0
513,68,Male,Hispanic,Low,0
514,62,Female,White,Medium,0
515,47,Male,Hispanic,High,0
516,54,Female,Black,Medium,1
517,65,Female,White,Medium,0
518,69,Male,White,High,1
519,53,Male,White,Medium,1
520,24,Male,Hispanic,Low,0
521,38,Female,Hispanic,Medium,1
522,26,Female,White,Low,0
523,48,Male,White,Medium,0
524,64,Male,Black,High,1
525,47,Female,White,Medium,0
526,46,Female,Black,Medium,0
527,40,Male,White,Medium,1
528,33,Male,Hispanic,Low,1
529,48,Female,Hispanic,Medium,0
530,54,Female,White,Medium,1
531,69,Female,Hispanic,Low,1
532,43,Female,White,High,1
533,30,Female,White,Low,0
534,71,Female,White,High,1
535,50,Female,Black,Medium,1
536,42,Male,Hispanic,Medium,0
537,25,Male,Hispanic,Low,0
538,64,Male,Black,Medium,0
539,70,Female,White,Medium,0
540,29,Female,White,Medium,0
541,63,Male,White,High,1
542,24,Female,Hispanic,Medium,1
543,62,Male,Other,High,1
544,21,Male,White,High,1
545,54,Male,Hispanic,Medium,0
546,61,Female,White,Medium,1
547,46,Female,White,High,1
548,38,Female,White,Low,0
549,36,Female,Hispanic,High,1
550,43,Male,White,Medium,1
551,66,Female,Asian,Medium,1
552,56,Male,White,Low,0
553,46,Male,White,Medium,1
554,22,Male,White,Medium,1
555,64,Male,Hispanic,Medium,1
556,25,Male,White,Medium,1
557,49,Male,Hispanic,Low,1
558,24,Female,White,High,1
559,67,Male,White,Medium,1
560,55,Female,Hispanic,High,1
561,42,Male,White,Medium,1
562,69,Male,Hispanic,Medium,0
563,28,Male,White,Medium,0
564,64,Male,Black,Medium,1
565,41,Male,Hispanic,Low,1
566,28,Female,Asian,Low,0
567,25,Female,White,High,1
568,41,Male,Black,Medium,1
569,47,Male,White,High,1
570,58,Female,White,Low,0
571,25,Male,White,High,0
572,41,Male,White,Medium,1
573,28,Female,Hispanic,Medium,0
574,42,Female,Hispanic,Medium,0
575,38,Female,White,High,0
576,24,Female,Hispanic,Medium,1
577,24,Male,White,Medium,0
578,57,Male,Black,Low,1
579,35,Male,Hispanic,Medium,0
580,58,Female,Hispanic,High,1
581,47,Female,White,Low,0
582,41,Male,Hispanic,Medium,0
583,68,Male,White,Low,1
584,66,Male,Hispanic,High,0
585,66,Male,White,High,1
586,68,Male,Hispanic,Medium,0
587,24,Female,White,Low,1
588,31,Non-binary,Black,Medium,0
589,39,Male,White,Low,1
590,39,Male,Black,Medium,0
591,47,Male,Black,Low,0
592,60,Male,Asian,Medium,0
593,62,Male,Hispanic,Low,0
594,48,Female,White,Low,1
595,25,Male,Hispanic,Low,0
596,68,Non-binary,White,Medium,1
597,45,Female,Black,Medium,0
598,23,Female,Hispanic,Low,0
599,46,Male,White,Medium,0
600,30,Female,Hispanic,High,0
601,44,Female,Hispanic,Low,0
602,49,Male,White,High,1
603,65,Male,White,Medium,1
604,27,Female,White,Low,1
605,64,Male,Other,Medium,1
606,43,Male,White,Medium,0
607,66,Male,White,Medium,0
608,47,Male,White,Low,1
609,62,Male,White,High,1
610,29,Male,Hispanic,Medium,0
611,64,Female,White,Medium,1
612,23,Male,Other,Low,1
613,33,Female,White,Low,0
614,26,Female,White,Medium,0
615,58,Male,White,Medium,1
616,41,Female,Other,Medium,1
617,39,Female,White,Medium,1
618,45,Female,White,Low,0
619,59,Female,White,Medium,1
620,24,Female,White,Low,1
621,42,Male,Black,Medium,0
622,25,Female,Black,Medium,0
623,21,Male,White,Medium,0
624,70,Female,White,High,1
625,37,Male,Hispanic,High,1
626,29,Female,White,Medium,0
627,29,Female,White,Low,0
628,44,Female,White,Medium,0
629,30,Female,White,Low,0
630,40,Female,White,Medium,0
631,37,Female,White,High,1
632,33,Male,White,Medium,1
633,49,Female,White,Medium,0
634,56,Female,Black,Medium,0
635,43,Female,Other,High,1
636,47,Female,Other,Low,0
637,38,Male,Hispanic,High,1
638,38,Male,White,Medium,0
639,29,Female,White,Low,1
640,23,Female,Hispanic,High,0
641,27,Male,White,High,0
642,35,Female,White,Medium,1
643,50,Male,White,High,1
644,29,Female,White,Low,1
645,61,Female,Hispanic,Medium,0
646,47,Male,Hispanic,Low,0
647,56,Female,Hispanic,Medium,0
648,38,Female,Hispanic,Medium,0
649,51,Male,White,Low,0
650,37,Male,Hispanic,Medium,1
651,26,Male,White,Low,1
652,59,Female,Black,Low,0
653,45,Male,White,Medium,0
654,62,Male,Hispanic,Medium,0
655,62,Male,Other,Medium,1
656,58,Female,White,Low,1
657,58,Female,White,Medium,1
658,51,Female,White,Low,1
659,71,Male,White,Medium,0
660,49,Female,White,High,1
661,60,Female,Hispanic,Low,0
662,29,Male,White,Medium,1
663,21,Male,White,Low,0
664,36,Female,Hispanic,Medium,1
665,58,Female,White,Medium,1
666,43,Female,White,High,1
667,28,Male,Hispanic,Medium,1
668,67,Female,Hispanic,Medium,1
669,32,Female,White,Medium,1
670,30,Female,White,Low,0
671,36,Non-binary,White,High,0
672,67,Female,White,Medium,0
673,63,Female,White,Low,0
674,44,Male,Black,Medium,1
675,59,Female,Hispanic,Medium,1
676,28,Male,White,Low,1
677,31,Female,White,Medium,0
678,61,Male,White,Medium,1
679,46,Female,White,Medium,0
680,27,Male,Black,Low,1
681,35,Female,Asian,High,1
682,35,Male,White,Low,0
683,68,Male,White,Medium,1
684,23,Female,Black,Medium,0
685,36,Female,White,Low,1
686,35,Male,White,Low,1
687,45,Male,White,Low,1
688,53,Male,White,Low,0
689,34,Female,White,Low,1
690,44,Non-binary,Other,Medium,1
691,31,Female,White,Medium,0
692,23,Male,White,Medium,1
693,29,Male,Black,Low,0
694,26,Non-binary,White,High,0
695,51,Male,White,Low,1
696,36,Female,White,Medium,1
697,31,Male,White,Low,0
698,70,Female,Hispanic,Low,0
699,37,Female,White,Medium,1
700,69,Male,Asian,Medium,1
701,23,Female,Hispanic,Medium,0
702,39,Female,White,Medium,1
703,44,Male,White,High,1
704,67,Male,White,Medium,1
705,62,Female,White,Medium,1
706,28,Male,White,Low,0
707,69,Female,White,Low,1
708,56,Male,Asian,Medium,0
709,60,Male,White,Medium,1
710,22,Male,White,Medium,1
711,43,Male,White,Low,1
712,60,Female,White,High,1
713,50,Male,Hispanic,High,1
714,45,Female,Black,Medium,0
715,27,Female,White,High,1
716,48,Female,Hispanic,High,1
717,61,Male,Hispanic,High,0
718,70,Female,Hispanic,Medium,0
719,37,Male,Hispanic,Medium,1
720,52,Female,Black,Low,0
721,21,Male,White,Medium,0
722,47,Male,White,Medium,1
723,64,Female,White,Medium,0
724,56,Male,White,Low,0
725,69,Female,Hispanic,High,1
726,27,Male,Black,Medium,0
727,23,Female,Asian,Low,1
728,50,Female,White,Medium,1
729,21,Male,Black,High,1
730,71,Female,Black,High,1
731,54,Female,Black,Medium,0
732,58,Female,Black,Low,1
733,63,Female,White,Low,0
734,56,Female,White,Low,1
735,53,Male,Other,Low,1
736,63,Female,White,Medium,1
737,36,Male,White,Medium,1
738,58,Male,White,Low,1
739,31,Female,White,High,0
740,28,Male,Hispanic,Medium,1
741,21,Male,Hispanic,Medium,0
742,34,Male,Asian,Medium,1
743,50,Male,White,Medium,0
744,41,Male,White,Medium,1
745,41,Non-binary,Asian,Medium,1
746,54,Male,Other,Medium,0
747,58,Female,Other,Medium,1
748,46,Male,Hispanic,High,0
749,61,Female,White,High,0
750,34,Non-binary,White,Medium,1
751,60,Male,Hispanic,Low,0
752,55,Female,Hispanic,High,0
753,62,Non-binary,Hispanic,Medium,0
754,38,Female,White,Medium,1
755,40,Male,Black,Medium,0
756,29,Female,White,Low,1
757,61,Female,White,Low,0
758,71,Male,White,Low,0
759,65,Male,Asian,Low,0
760,53,Male,White,Medium,0
761,69,Male,White,Low,0
762,24,Female,White,High,1
763,24,Male,Black,Medium,1
764,68,Male,White,Medium,0
765,36,Female,Asian,Low,1
766,67,Male,White,Medium,0
767,46,Male,White,Low,1
768,26,Female,Hispanic,Medium,1
769,57,Male,White,Medium,1
770,42,Male,White,Medium,1
771,62,Male,White,Low,1
772,59,Female,Black,Medium,0
773,27,Female,White,Medium,1
774,62,Female,White,Low,1
775,50,Male,Hispanic,Medium,1
776,30,Female,White,High,1
777,35,Female,White,Low,0
778,26,Male,White,High,1
779,44,Female,Black,Low,1
780,22,Female,White,Low,0
781,60,Male,Hispanic,Medium,0
782,35,Male,Black,Low,1
783,41,Male,White,Medium,1
784,38,Male,Asian,Low,1
785,25,Female,White,Medium,1
786,45,Female,White,Low,0
787,56,Male,Black,Medium,0
788,30,Female,White,Medium,0
789,71,Female,White,High,0
790,66,Male,White,Medium,1
791,43,Female,White,Medium,0
792,44,Female,White,Medium,1
793,65,Male,Hispanic,High,1
794,30,Male,Black,Low,0
795,26,Male,White,Medium,1
796,33,Male,White,Medium,1
797,41,Male,White,Low,0
798,52,Male,White,High,1
799,63,Female,White,Medium,0
800,35,Female,White,Medium,1
801,22,Male,White,Medium,0
802,35,Male,White,Medium,1
803,71,Female,Hispanic,High,0
804,37,Female,White,High,1
805,40,Male,Asian,Medium,0
806,70,Male,Hispanic,Low,0
807,26,Female,Other,Low,1
808,35,Male,Hispanic,Medium,1
809,37,Male,Black,High,1
810,46,Male,Black,Low,0
811,42,Male,White,Low,1
812,29,Male,Hispanic,Low,1
813,32,Male,Black,Medium,0
814,42,Female,White,High,0
815,43,Female,Black,Low,1
816,57,Non-binary,White,Low,1
817,34,Male,White,Medium,0
818,44,Male,White,High,1
819,28,Female,Hispanic,Medium,1
820,46,Female,Hispanic,Medium,1
821,52,Male,Hispanic,Low,1
822,48,Male,Hispanic,Medium,0
823,52,Male,White,High,1
824,42,Male,Asian,High,1
825,69,Male,White,Medium,1
826,29,Non-binary,Hispanic,Medium,1
827,23,Male,White,High,0
828,45,Non-binary,White,Medium,1
829,59,Female,Hispanic,Low,0
830,32,Male,Black,Medium,0
831,49,Female,White,High,0
832,23,Female,Black,Medium,0
833,61,Male,White,Medium,1
834,66,Male,White,Medium,0
835,43,Female,Black,Low,0
836,43,Female,White,Low,0
837,38,Female,Black,High,1
838,31,Female,White,Medium,1
839,56,Male,White,Low,0
840,46,Female,White,High,0
841,28,Male,White,Medium,0
842,48,Female,White,High,0
843,38,Female,Black,Medium,0
844,33,Female,Other,Low,1
845,56,Female,Hispanic,Medium,0
846,62,Female,Hispanic,High,0
847,60,Female,White,Low,0
848,64,Female,White,High,0
849,71,Male,White,Low,1
850,32,Non-binary,White,Medium,1
851,42,Male,Hispanic,Medium,0
852,22,Male,White,High,1
853,60,Male,White,Medium,0
854,48,Male,White,Medium,0
855,33,Female,White,Medium,1
856,53,Male,White,Low,0
857,23,Female,Black,Low,0
858,54,Male,White,Low,0
859,43,Male,Black,Medium,1
860,52,Male,White,Medium,0
861,40,Female,Hispanic,High,0
862,48,Female,Hispanic,Medium,0
863,28,Male,Hispanic,Low,0
864,23,Male,White,Medium,0
865,50,Non-binary,White,Low,0
866,45,Male,Asian,High,0
867,50,Female,White,Low,1
868,49,Male,White,Low,1
869,67,Male,White,Medium,1
870,50,Male,Black,Low,0
871,54,Male,White,Low,1
872,45,Female,Hispanic,Medium,0
873,37,Female,White,Low,1
874,44,Female,White,Low,1
875,58,Female,White,Low,0
876,48,Female,White,Medium,1
877,53,Female,White,Medium,0
878,56,Female,White,Low,1
879,71,Male,White,Medium,0
880,27,Male,Hispanic,Medium,0
881,43,Female,Black,Medium,0
882,66,Female,White,Medium,1
883,46,Non-binary,White,Low,1
884,34,Female,White,Medium,1
885,62,Male,White,High,1
886,48,Male,White,Medium,1
887,44,Female,Asian,Low,1
888,27,Male,Black,Low,0
889,68,Male,Black,High,1
890,56,Female,White,Medium,0
891,59,Male,Hispanic,Medium,0
892,35,Female,Black,Low,0
893,69,Female,White,High,1
894,23,Male,Asian,Low,1
895,68,Male,White,Medium,1
896,22,Male,White,Medium,0
897,27,Female,White,Medium,1
898,36,Female,Hispanic,Low,1
899,41,Male,Hispanic,Low,0
900,29,Non-binary,Hispanic,High,0
901,32,Male,Asian,Medium,0
902,49,Male,White,Medium,0
903,44,Male,White,Medium,0
904,53,Male,Black,High,1
905,34,Non-binary,Other,High,1
906,63,Male,White,Medium,1
907,38,Male,Other,Medium,1
908,25,Female,White,Medium,0
909,35,Female,Hispanic,Medium,1
910,27,Male,Black,Medium,1
911,45,Female,Hispanic,High,1
912,34,Female,White,Low,0
913,60,Male,White,Medium,0
914,56,Female,White,Medium,1
915,55,Female,Black,Low,1
916,64,Female,Black,Medium,1
917,70,Female,Asian,High,0
918,44,Non-binary,White,Medium,0
919,35,Female,White,High,1
920,31,Male,White,Medium,1
921,44,Male,White,Medium,1
922,31,Female,Hispanic,Medium,0
923,64,Male,Hispanic,Low,0
924,71,Female,Other,Medium,0
925,37,Male,White,Low,0
926,26,Male,White,High,1
927,41,Female,White,Low,0
928,28,Female,Black,Low,0
929,35,Male,Other,Medium,1
930,52,Male,White,Medium,0
931,30,Female,White,Low,0
932,48,Female,Hispanic,Low,0
933,35,Female,Black,Medium,0
934,32,Male,White,Medium,0
935,63,Male,Hispanic,Low,1
936,38,Female,White,Medium,0
937,57,Female,Asian,Low,0
938,64,Male,White,Low,1
939,44,Female,White,High,1
940,57,Male,White,Medium,0
941,49,Female,White,Low,0
942,30,Female,White,High,1
943,34,Male,Black,Medium,0
944,36,Female,White,Low,0
945,57,Male,Black,Medium,1
946,31,Male,White,High,1
947,71,Female,White,Medium,1
948,46,Male,Other,Medium,1
949,60,Female,Hispanic,Medium,0
950,39,Male,White,Medium,0
951,38,Female,White,Medium,1
952,50,Male,Black,Medium,0
953,52,Female,White,Low,0
954,43,Female,White,Medium,0
955,32,Non-binary,White,Low,0
956,33,Female,White,Medium,0
957,41,Male,White,Medium,0
958,41,Male,Hispanic,Medium,0
959,49,Female,White,Medium,1
960,49,Female,White,Medium,1
961,70,Male,Hispanic,Low,1
962,47,Male,Hispanic,Medium,0
963,49,Female,White,High,1
964,35,Female,Hispanic,High,1
965,67,Female,Black,Medium,0
966,32,Male,White,Medium,0
967,61,Male,White,Low,0
968,39,Male,Hispanic,Medium,1
969,32,Male,White,Medium,1
970,43,Female,White,Low,1
971,25,Female,Black,High,1
972,46,Female,White,High,1
973,30,Male,Black,Low,0
974,42,Male,White,Medium,1
975,59,Female,White,Medium,0
976,43,Male,White,Low,1
977,31,Male,White,Medium,1
978,48,Female,Hispanic,Medium,0
979,51,Female,Black,Low,0
980,28,Female,White,Medium,0
981,59,Male,Other,High,1
982,68,Female,White,Medium,0
983,48,Male,White,Medium,0
984,36,Female,White,Medium,0
985,66,Female,White,High,1
986,67,Female,Black,High,1
987,51,Male,White,Low,0
988,61,Female,White,High,1
989,68,Male,White,Low,0
990,36,Male,Black,Low,0
991,25,Male,Hispanic,Medium,0
992,55,Female,Hispanic,Medium,0
993,45,Male,White,Medium,0
994,33,Female,White,Medium,1
995,49,Female,White,Low,1
996,47,Male,White,Low,0
997,60,Female,Hispanic,Medium,0
998,37,Male,White,Low,1
999,57,Male,White,Low,0
1000,58,Female,White,Low,0
1001,49,Female,White,Medium,1
1002,54,Male,White,High,1
1003,50,Female,White,Low,0
1004,51,Female,White,Low,0
1005,42,Male,Asian,Medium,0
1006,66,Female,White,High,1
1007,45,Female,Hispanic,Low,0
1008,24,Male,Hispanic,High,0
1009,55,Female,Black,Medium,0
1010,61,Female,White,High,1
1011,70,Male,White,Low,0
1012,64,Non-binary,Black,High,0
1013,29,Male,White,Medium,1
1014,46,Female,White,High,1
1015,47,Male,White,Medium,1
1016,47,Female,Hispanic,Medium,0
1017,38,Male,Other,Medium,1
1018,50,Female,White,Medium,0
1019,65,Male,White,Medium,1
1020,66,Male,Hispanic,Medium,0
1021,51,Male,White,Medium,0
1022,62,Female,White,High,1
1023,23,Male,White,Low,0
1024,49,Female,Asian,Medium,0
1025,27,Female,White,High,1
1026,38,Female,White,Medium,1
1027,36,Male,White,Medium,1
1028,69,Female,Hispanic,High,1
1029,52,Male,Asian,Medium,1
1030,58,Female,White,Medium,0
1031,45,Female,Asian,High,1
1032,64,Male,White,High,0
1033,52,Male,White,Medium,1
1034,39,Female,Asian,Low,0
1035,23,Male,White,Low,0
1036,55,Female,White,Medium,0
1037,70,Male,White,Medium,1
1038,49,Female,Hispanic,Medium,0
1039,31,Male,Hispanic,Low,0
1040,26,Non-binary,Hispanic,Medium,0
1041,39,Female,White,Medium,0
1042,57,Female,Hispanic,High,1
1043,65,Male,White,High,0
1044,47,Female,Black,Medium,0
1045,25,Male,Hispanic,Medium,0
1046,46,Male,White,Medium,1
1047,55,Female,White,Medium,0
1048,39,Female,White,Medium,0
1049,37,Male,Black,Medium,0
1050,55,Female,White,Low,0
1051,67,Female,White,Medium,1
1052,69,Male,White,Low,0
1053,33,Female,White,Low,1
1054,34,Female,Hispanic,Medium,0
1055,50,Male,White,Low,1
1056,68,Female,White,Medium,1
1057,63,Female,Black,Low,0
1058,37,Female,Hispanic,Medium,1
1059,57,Male,White,High,1
1060,35,Female,White,Medium,1
1061,38,Male,Asian,Medium,1
1062,68,Male,White,High,1
1063,34,Male,Asian,Medium,1
1064,34,Female,White,Low,0
1065,65,Female,White,Low,1
1066,53,Male,White,Medium,1
1067,58,Male,White,Medium,1
1068,31,Male,Asian,Low,0
1069,31,Male,Other,High,1
1070,68,Female,Other,Low,1
1071,46,Female,Hispanic,High,0
1072,23,Female,Hispanic,High,1
1073,45,Female,Black,High,1
1074,37,Female,Hispanic,Medium,0
1075,42,Male,White,Low,1
1076,49,Male,White,Medium,1
1077,66,Female,Black,Low,1
1078,46,Female,Hispanic,High,1
1079,54,Female,Black,Medium,1
1080,46,Non-binary,Hispanic,Medium,0
1081,29,Female,White,High,1
1082,60,Male,Hispanic,Low,0
1083,31,Male,Other,Low,1
1084,27,Female,White,Medium,0
1085,50,Female,Asian,Medium,0
1086,22,Male,White,Medium,0
1087,50,Female,Black,Medium,0
1088,24,Female,Hispanic,High,0
1089,34,Female,White,Low,1
1090,33,Male,White,Medium,0
1091,45,Female,White,Medium,1
1092,33,Female,White,Medium,1
1093,33,Male,White,Medium,1
1094,57,Female,White,Low,0
1095,64,Female,Asian,Low,0
1096,26,Female,White,Low,1
1097,46,Male,White,Medium,1
1098,34,Non-binary,Asian,Low,0
1099,28,Male,Asian,Medium,0
1100,44,Female,Hispanic,Low,0
1101,42,Female,Black,Medium,0
1102,60,Male,White,High,1
1103,59,Female,White,Medium,1
1104,69,Female,White,Medium,1
1105,41,Female,Hispanic,High,0
1106,63,Female,White,Medium,0
1107,46,Male,Black,High,1
1108,30,Male,White,Low,1
1109,33,Male,White,High,1
1110,62,Female,White,Medium,1
1111,34,Female,Hispanic,Low,0
1112,29,Non-binary,White,High,1
1113,27,Male,White,High,1
1114,59,Female,White,Medium,0
1115,51,Male,White,High,1
1116,70,Female,Black,Low,1
1117,36,Male,White,Medium,1
1118,28,Male,White,Low,1
1119,68,Female,Asian,Low,0
1120,71,Male,White,Medium,0
1121,35,Female,White,Medium,1
1122,45,Female,White,Low,1
1123,67,Female,White,Medium,0
1124,58,Non-binary,White,Low,1
1125,61,Male,Black,Medium,0
1126,35,Male,Black,Low,1
1127,45,Female,White,High,0
1128,27,Female,Black,Low,0
1129,46,Male,White,Medium,0
1130,28,Female,White,Low,1
1131,38,Male,Hispanic,Medium,1
1132,41,Male,White,Low,1
1133,36,Male,White,Medium,0
1134,67,Male,Hispanic,Medium,0
1135,23,Male,White,High,0
1136,21,Male,White,Low,1
1137,33,Male,Hispanic,High,1
1138,52,Male,Black,Low,1
1139,32,Male,Hispanic,Low,0
1140,51,Female,White,Low,0
1141,61,Male,White,Low,1
1142,22,Male,White,Medium,0
1143,61,Male,White,High,1
1144,28,Male,White,Low,0
1145,45,Male,Black,Medium,0
1146,25,Male,White,Medium,1
1147,65,Female,White,Medium,1
1148,22,Female,White,Medium,1
1149,62,Female,Other,High,1
1150,58,Female,Asian,Low,0
1151,59,Female,Other,Medium,0
1152,23,Male,White,Low,0
1153,66,Female,White,Medium,0
1154,68,Male,White,Medium,1
1155,58,Female,Black,Medium,1
1156,42,Male,White,Low,0
1157,60,Female,White,Low,0
1158,53,Female,White,Low,0
1159,52,Female,White,High,0
1160,67,Male,White,Low,1
1161,37,Male,White,Medium,1
1162,38,Female,White,Low,0
1163,23,Female,White,High,1
1164,26,Male,White,Medium,0
1165,69,Female,Hispanic,Low,0
1166,33,Female,White,High,1
1167,51,Non-binary,Hispanic,Low,1
1168,37,Female,White,Medium,0
1169,41,Male,White,Medium,1
1170,36,Female,Black,Medium,0
1171,37,Female,Other,High,1
1172,52,Female,White,High,1
1173,21,Female,White,High,1
1174,68,Non-binary,White,High,1
1175,58,Female,White,Medium,1
1176,28,Male,White,Low,1
1177,21,Female,White,Medium,0
1178,22,Female,White,Medium,1
1179,67,Male,White,Low,1
1180,57,Male,Hispanic,Medium,0
1181,44,Female,Black,High,1
1182,47,Female,White,Low,0
1183,40,Female,Hispanic,High,1
1184,67,Male,Black,Medium,0
1185,41,Non-binary,White,Low,1
1186,62,Male,White,High,0
1187,57,Male,Black,High,0
1188,55,Male,White,Low,1
1189,58,Female,Asian,Medium,0
1190,35,Male,White,Medium,1
1191,70,Male,White,Medium,1
1192,66,Female,Asian,Low,1
1193,62,Male,Other,Low,1
1194,50,Female,White,Medium,1
1195,24,Female,Hispanic,Medium,0
1196,63,Female,White,Medium,1
1197,59,Male,Hispanic,High,0
1198,35,Female,Hispanic,High,1
1199,43,Male,White,High,1
1200,61,Female,White,Low,1
1201,35,Female,White,High,1
1202,46,Male,White,Medium,1
1203,32,Male,White,Low,1
1204,38,Male,Hispanic,Medium,0
1205,26,Male,White,Low,1
1206,38,Female,White,Medium,0
1207,70,Female,Hispanic,Medium,1
1208,44,Male,White,Medium,1
1209,58,Female,White,Low,1
1210,48,Female,White,Medium,0
1211,35,Female,White,Low,0
1212,39,Male,White,High,1
1213,25,Female,Hispanic,Medium,1
1214,24,Female,White,Low,1
1215,37,Female,Black,Low,1
1216,30,Male,Black,Medium,0
1217,32,Male,Black,Medium,0
1218,25,Female,White,Medium,1
1219,27,Female,White,Low,1
1220,64,Female,Hispanic,Medium,0
1221,43,Male,White,Low,0
1222,22,Female,White,Medium,0
1223,50,Male,Black,High,1
1224,69,Male,Hispanic,Medium,0
1225,65,Female,White,Low,1
1226,57,Male,Black,High,1
1227,25,Male,White,Low,0
1228,40,Female,White,Medium,0
1229,46,Female,Black,Medium,0
1230,64,Male,Hispanic,Low,0
1231,64,Female,Other,Low,0
1232,59,Male,White,Low,1
1233,26,Male,Black,High,0
1234,49,Male,White,High,1
1235,30,Male,White,Medium,0
1236,71,Non-binary,Black,Low,0
1237,36,Male,White,High,1
1238,54,Female,White,Medium,0
1239,51,Female,White,Medium,1
1240,56,Non-binary,White,Medium,1
1241,61,Male,White,Medium,0
1242,25,Female,White,Medium,0
1243,53,Female,White,Medium,1
1244,63,Male,White,Medium,1
1245,39,Female,Black,High,0
1246,52,Male,Hispanic,Medium,1
1247,43,Female,White,Medium,1
1248,23,Female,White,Low,1
1249,21,Male,Black,Medium,0
1250,56,Female,White,Low,1
1251,61,Male,White,Low,0
1252,48,Female,Black,Medium,0
1253,68,Male,White,Low,1
1254,59,Female,White,Medium,1
1255,25,Male,White,High,1
1256,33,Male,White,Medium,1
1257,31,Female,White,Low,1
1258,66,Male,Black,Medium,0
1259,42,Female,Hispanic,High,1
1260,69,Female,White,Medium,0
1261,43,Male,Other,Medium,0
1262,32,Female,Black,Medium,0
1263,41,Male,White,Medium,1
1264,39,Male,White,Medium,0
1265,25,Male,White,Medium,0
1266,44,Non-binary,Hispanic,Medium,0
1267,50,Male,White,Medium,1
1268,28,Female,Black,Low,0
1269,22,Non-binary,White,Low,1
1270,69,Male,White,Medium,1
1271,54,Female,White,Medium,1
1272,43,Female,Hispanic,Medium,0
1273,23,Male,White,Medium,0
1274,44,Male,White,Medium,1
1275,38,Male,White,High,0
1276,67,Female,Hispanic,Medium,0
1277,57,Female,Hispanic,Medium,0
1278,69,Male,White,Medium,1
1279,51,Male,Asian,Medium,0
1280,34,Female,White,High,1
1281,21,Male,White,Low,1
1282,34,Female,White,Medium,0
1283,61,Male,White,Low,1
1284,25,Female,White,Low,1
1285,51,Female,Black,Medium,0
1286,51,Male,Black,Low,0
1287,50,Male,Black,Medium,1
1288,56,Female,Black,High,0
1289,21,Male,Hispanic,High,1
1290,23,Male,White,Low,0
1291,40,Female,Black,Medium,1
1292,63,Male,Black,High,0
1293,68,Male,Asian,Low,0
1294,63,Female,White,Medium,0
1295,41,Female,White,High,0
1296,50,Male,Black,Low,0
1297,62,Female,Hispanic,High,1
1298,64,Female,White,Medium,1
1299,50,Female,White,Low,1
1300,25,Male,White,Medium,1
1301,30,Male,Other,Medium,0
1302,44,Female,White,Low,0
1303,65,Female,White,Medium,1
1304,71,Female,White,Medium,1
1305,59,Male,White,Medium,1
1306,68,Female,White,Low,0
1307,26,Female,Hispanic,Medium,0
1308,30,Male,Asian,Medium,1
1309,62,Male,White,High,1
1310,63,Female,Black,High,1
1311,30,Female,White,Medium,1
1312,45,Male,White,Low,1
1313,34,Female,White,High,1
1314,67,Female,White,Medium,1
1315,59,Female,Black,Low,1
1316,33,Female,White,Medium,1
1317,31,Female,Hispanic,Low,0
1318,59,Male,Black,Low,0
1319,31,Male,Hispanic,Medium,1
1320,66,Female,Asian,Low,0
1321,69,Male,Asian,High,1
1322,36,Female,White,High,1
1323,53,Female,White,Medium,1
1324,61,Male,White,Low,1
1325,61,Female,Hispanic,Medium,1
1326,52,Female,White,Medium,1
1327,30,Male,Asian,Medium,0
1328,71,Male,White,Low,0
1329,35,Female,White,Medium,0
1330,36,Male,White,Medium,1
1331,63,Female,Hispanic,High,1
1332,47,Male,White,High,1
1333,69,Male,White,Medium,0
1334,71,Male,White,Medium,0
1335,65,Female,White,Low,0
1336,52,Male,White,Low,1
1337,26,Male,White,High,1
1338,67,Female,White,Medium,1
1339,68,Male,White,Low,1
1340,56,Male,Other,Medium,1
1341,28,Male,Other,High,1
1342,45,Male,White,Medium,1
1343,27,Female,White,Low,1
1344,37,Male,White,High,1
1345,68,Male,Other,Medium,0
1346,50,Female,White,Medium,1
1347,22,Female,White,Low,1
1348,37,Female,White,High,1
1349,24,Female,White,High,1
1350,46,Female,White,Medium,1
1351,34,Female,Hispanic,Low,0
1352,28,Female,White,Medium,1
1353,25,Female,White,Low,1
1354,25,Female,White,Low,1
1355,25,Male,Hispanic,Medium,1
1356,47,Female,White,Low,0
1357,25,Female,White,High,1
1358,23,Female,Black,Low,1
1359,58,Male,Asian,Medium,0
1360,50,Male,White,Low,1
1361,21,Male,White,Medium,0
1362,28,Female,White,Low,1
1363,33,Male,Hispanic,Medium,0
1364,40,Male,White,Medium,1
1365,26,Male,White,High,1
1366,70,Male,White,Medium,0
1367,70,Female,White,Low,1
1368,68,Female,White,Low,1
1369,28,Male,Other,Medium,0
1370,50,Female,White,Low,0
1371,69,Male,Asian,Medium,1
1372,60,Male,White,High,1
1373,35,Female,Asian,Medium,0
1374,30,Female,Black,High,1
1375,53,Female,White,High,1
1376,29,Female,Black,Medium,0
1377,69,Female,White,Medium,0
1378,53,Male,White,Medium,1
1379,29,Male,White,High,1
1380,34,Male,White,Low,1
1381,52,Female,Black,Medium,0
1382,57,Male,Hispanic,Low,0
1383,26,Male,White,Low,0
1384,25,Female,Asian,Medium,0
1385,24,Male,Asian,Medium,1
1386,68,Male,White,Medium,1
1387,36,Male,White,Medium,0
1388,30,Male,White,Medium,0
1389,51,Female,Black,Low,1
1390,51,Female,White,Medium,0
1391,34,Male,White,Medium,1
1392,33,Male,Black,Medium,1
1393,24,Female,Black,Medium,0
1394,66,Female,White,Medium,0
1395,46,Female,Hispanic,High,0
1396,44,Male,Black,Medium,0
1397,29,Male,White,Low,1
1398,55,Non-binary,Black,High,1
1399,62,Female,White,High,0
1400,35,Male,White,Medium,1
1401,44,Male,White,Medium,1
1402,51,Male,White,Medium,0
1403,39,Male,White,Medium,0
1404,22,Female,White,Medium,0
1405,22,Female,Black,High,0
1406,61,Male,Black,High,1
1407,56,Male,White,Medium,1
1408,57,Female,White,High,0
1409,54,Male,Hispanic,Low,0
1410,59,Female,White,Low,1
1411,39,Female,White,Medium,0
1412,58,Female,White,Medium,0
1413,43,Female,Hispanic,Low,1
1414,36,Female,Hispanic,Medium,0
1415,66,Non-binary,Hispanic,Low,1
1416,64,Male,White,Medium,1
1417,26,Female,Hispanic,High,0
1418,46,Male,White,Medium,1
1419,42,Male,White,Medium,1
1420,65,Male,White,High,0
1421,67,Female,Black,Medium,0
1422,44,Male,White,Medium,1
1423,66,Female,White,Medium,1
1424,60,Female,Hispanic,High,1
1425,41,Male,Hispanic,High,0
1426,50,Female,Black,Medium,1
1427,31,Female,White,Medium,1
1428,29,Female,Hispanic,Medium,0
1429,32,Male,Hispanic,Medium,0
1430,46,Female,White,Medium,1
1431,58,Female,White,Medium,1
1432,71,Male,White,Medium,0
1433,23,Male,White,Medium,0
1434,53,Female,White,High,1
1435,35,Female,White,Medium,0
1436,67,Male,White,Low,0
1437,25,Male,White,Low,1
1438,44,Female,Hispanic,Low,0
1439,31,Male,White,Low,1
1440,53,Female,White,Low,0
1441,43,Male,Hispanic,Medium,0
1442,30,Female,White,High,0
1443,63,Male,White,Medium,0
1444,48,Female,White,Medium,0
1445,59,Female,Hispanic,Medium,0
1446,37,Female,Other,High,0
1447,64,Female,Black,High,1
1448,46,Male,Hispanic,Low,1
1449,45,Male,White,Low,1
1450,56,Female,Hispanic,Low,0
1451,32,Female,Other,Medium,1
1452,23,Female,White,Medium,0
1453,70,Male,Hispanic,Medium,0
1454,49,Female,White,High,1
1455,64,Non-binary,White,Medium,1
1456,44,Male,Hispanic,High,0
1457,39,Female,Black,Low,1
1458,33,Male,White,Low,1
1459,36,Female,Black,Medium,0
1460,60,Male,Hispanic,Low,0
1461,47,Male,Hispanic,Medium,0
1462,26,Male,White,Low,0
1463,62,Non-binary,White,Medium,1
1464,30,Female,Other,Low,0
1465,58,Male,White,Low,0
1466,28,Non-binary,Asian,High,1
1467,38,Female,Hispanic,High,1
1468,52,Female,Black,Medium,0
1469,37,Male,White,High,1
1470,62,Male,White,Medium,1
1471,22,Female,Black,Medium,0
1472,64,Male,White,Medium,1
1473,40,Female,Hispanic,Low,0
1474,30,Male,Hispanic,Low,1
1475,29,Male,White,Medium,0
1476,68,Male,Hispanic,Medium,1
1477,59,Non-binary,White,Low,0
1478,61,Male,White,Low,0
1479,45,Male,White,Medium,1
1480,45,Female,Asian,Medium,0
1481,44,Female,White,Medium,1
1482,26,Female,White,High,1
1483,50,Female,White,Medium,0
1484,30,Male,White,Medium,0
1485,59,Male,White,High,1
1486,51,Female,White,High,1
1487,38,Female,Hispanic,Medium,1
1488,63,Female,White,Medium,1
1489,53,Male,Black,Medium,0
1490,39,Male,White,Medium,0
1491,43,Male,Other,Low,1
1492,25,Female,White,Medium,1
1493,46,Male,Hispanic,Low,1
1494,49,Male,Hispanic,Low,1
1495,44,Male,Hispanic,Medium,0
1496,26,Male,Hispanic,High,0
1497,59,Male,White,Low,0
1498,24,Male,Black,Low,0
1499,68,Female,White,Medium,0
1500,62,Male,Hispanic,Medium,0
1501,46,Female,Other,Low,0
1502,35,Male,Asian,Low,1
1503,33,Male,White,Medium,1
1504,60,Female,White,Medium,1
1505,42,Female,White,Low,0
1506,33,Female,White,Medium,0
1507,59,Female,White,Medium,0
1508,37,Female,White,Low,0
1509,56,Male,Other,Low,1
1510,59,Female,White,Medium,0
1511,68,Female,Black,High,0
1512,45,Male,White,Low,0
1513,54,Male,Black,Medium,0
1514,41,Female,Other,Medium,0
1515,45,Male,Black,High,1
1516,45,Male,White,Low,1
1517,42,Female,White,Medium,0
1518,43,Non-binary,Other,High,0
1519,45,Female,White,High,1
1520,34,Male,Black,Medium,0
1521,34,Female,White,Medium,0
1522,46,Male,White,Medium,1
1523,60,Male,Hispanic,Medium,1
1524,50,Female,White,Medium,1
1525,46,Male,White,Medium,1
1526,58,Male,White,Medium,1
1527,42,Female,Other,Medium,1
1528,59,Female,White,Medium,1
1529,59,Female,Hispanic,High,0
1530,54,Female,White,High,1
1531,45,Female,Hispanic,Medium,0
1532,56,Male,Other,Medium,1
1533,33,Female,White,Medium,0
1534,49,Male,White,Low,0
1535,62,Male,White,Low,0
1536,29,Female,Hispanic,Medium,0
1537,35,Male,White,Low,0
1538,51,Male,White,Medium,0
1539,64,Male,White,Medium,1
1540,47,Male,White,Medium,1
1541,51,Female,White,Low,0
1542,30,Female,Hispanic,Low,1
1543,71,Female,Hispanic,Low,0
1544,57,Female,White,Low,0
1545,27,Female,Black,High,0
1546,52,Female,Black,Medium,0
1547,31,Female,Hispanic,Low,0
1548,68,Female,White,Low,0
1549,65,Non-binary,White,Medium,1
1550,48,Non-binary,Black,Medium,0
1551,24,Female,Hispanic,Low,0
1552,68,Female,White,High,0
1553,65,Male,White,Medium,1
1554,51,Female,White,Low,1
1555,49,Female,White,Medium,1
1556,53,Female,White,Medium,0
1557,24,Female,White,Medium,0
1558,67,Male,White,Medium,1
1559,46,Male,Hispanic,Low,0
1560,51,Male,White,Medium,0
1561,51,Female,White,Medium,0
1562,47,Male,White,Medium,1
1563,45,Female,White,High,1
1564,68,Female,White,Low,1
1565,56,Female,Hispanic,Low,0
1566,69,Female,White,Medium,1
1567,51,Female,Hispanic,Low,1
1568,63,Female,Asian,Low,1
1569,57,Female,Black,Medium,0
1570,65,Female,Hispanic,Low,0
1571,64,Male,Black,Medium,0
1572,43,Male,White,Low,0
1573,55,Female,Other,Low,0
1574,24,Female,White,Medium,1
1575,48,Female,White,Low,0
1576,62,Male,White,High,1
1577,61,Male,Black,Medium,0
1578,62,Female,White,Medium,0
1579,33,Male,Asian,Medium,0
1580,21,Male,White,Low,1
1581,32,Male,Hispanic,Medium,0
1582,63,Female,White,High,0
1583,60,Female,White,Low,1
1584,46,Female,White,High,0
1585,66,Female,White,Low,1
1586,66,Female,White,Low,0
1587,43,Female,Asian,Medium,1
1588,69,Female,White,Low,1
1589,42,Male,Black,Medium,0
1590,71,Male,White,High,1
1591,48,Female,White,High,1
1592,37,Male,White,Medium,1
1593,26,Female,White,High,0
1594,34,Female,Hispanic,Medium,1
1595,70,Female,Hispanic,Low,0
1596,37,Non-binary,White,Medium,0
1597,58,Male,Black,Medium,0
1598,25,Male,White,Medium,0
1599,33,Female,Hispanic,Medium,1
1600,68,Male,Hispanic,Medium,1
1601,29,Male,Hispanic,Medium,1
1602,64,Female,White,High,1
1603,62,Non-binary,White,Medium,1
1604,46,Female,White,Low,1
1605,33,Female,Other,Medium,0
1606,39,Male,Asian,Medium,0
1607,68,Female,White,Medium,0
1608,37,Male,Hispanic,Low,1
1609,36,Female,Asian,Medium,1
1610,50,Male,White,Low,1
1611,52,Female,Hispanic,Low,1
1612,34,Female,White,Medium,0
1613,68,Female,White,Medium,0
1614,35,Female,White,High,1
1615,32,Male,White,Medium,1
1616,57,Male,Hispanic,Low,0
1617,31,Female,White,Medium,1
1618,25,Non-binary,White,Medium,1
1619,31,Female,White,Medium,1
1620,54,Male,White,Medium,1
1621,39,Female,Black,Low,1
1622,46,Male,White,Medium,0
1623,46,Female,White,Medium,1
1624,37,Male,Hispanic,Medium,1
1625,51,Female,Asian,High,1
1626,39,Male,White,Medium,1
1627,64,Female,Hispanic,Medium,1
1628,40,Male,Asian,Medium,1
1629,43,Male,Black,Low,1
1630,45,Female,Black,Medium,0
1631,48,Male,Hispanic,Medium,0
1632,57,Female,White,Medium,0
1633,32,Male,Black,Medium,1
1634,68,Female,Hispanic,High,1
1635,21,Male,White,Low,0
1636,22,Male,Asian,Low,0
1637,30,Female,Black,Medium,0
1638,54,Male,White,High,1
1639,52,Male,Black,Medium,0
1640,45,Female,White,High,0
1641,30,Female,Hispanic,Low,0
1642,70,Male,White,Low,1
1643,21,Female,Asian,High,1
1644,52,Female,White,High,1
1645,57,Male,Black,Low,1
1646,32,Female,Other,Low,1
1647,69,Female,White,Low,1
1648,71,Male,Hispanic,Low,0
1649,38,Male,White,Medium,0
1650,50,Male,Hispanic,Medium,0
1651,33,Female,Black,Medium,0
1652,23,Male,Asian,Medium,1
1653,41,Female,Hispanic,High,1
1654,62,Female,White,Low,1
1655,34,Male,White,Medium,0
1656,60,Female,Black,High,1
1657,30,Non-binary,White,Low,1
1658,22,Male,White,High,1
1659,65,Female,White,Medium,1
1660,57,Female,White,Low,0
1661,31,Male,White,Low,1
1662,21,Male,Hispanic,Medium,0
1663,46,Male,Hispanic,Medium,0
1664,62,Male,Hispanic,Medium,1
1665,33,Male,White,Low,1
1666,48,Female,White,Medium,0
1667,56,Non-binary,White,Low,1
1668,41,Male,Other,Medium,0
1669,30,Male,White,Medium,1
1670,32,Male,White,Medium,1
1671,66,Male,White,Low,0
1672,47,Male,Black,Low,0
1673,23,Male,Black,Low,0
1674,48,Female,White,Low,1
1675,22,Male,White,Low,1
1676,48,Female,Black,Medium,0
1677,71,Male,White,Medium,1
1678,51,Male,Black,Medium,1
1679,63,Female,Hispanic,Medium,0
1680,41,Male,Black,Low,1
1681,27,Non-binary,Black,High,1
1682,70,Male,Hispanic,Low,0
1683,51,Female,Asian,Medium,0
1684,34,Non-binary,White,High,1
1685,59,Male,White,Medium,1
1686,59,Male,Hispanic,Low,0
1687,29,Female,White,Medium,1
1688,43,Male,Asian,Low,1
1689,32,Female,White,Medium,0
1690,49,Male,Asian,Medium,1
1691,58,Male,Black,Medium,0
1692,59,Male,Hispanic,Low,0
1693,42,Female,White,Medium,0
1694,24,Male,Other,Medium,0
1695,68,Male,White,Low,0
1696,27,Female,White,Medium,1
1697,60,Male,White,Medium,0
1698,28,Male,Asian,Medium,1
1699,55,Male,White,Low,0
1700,29,Female,Black,Low,1
1701,71,Female,Black,Medium,1
1702,33,Male,Hispanic,Low,1
1703,59,Male,Black,Low,1
1704,40,Female,White,High,1
1705,41,Female,Hispanic,Medium,0
1706,67,Male,Hispanic,Medium,1
1707,39,Male,White,Medium,0
1708,22,Male,White,Medium,1
1709,64,Female,White,Medium,1
1710,60,Non-binary,White,High,1
1711,50,Male,White,Low,1
1712,43,Male,Black,Low,1
1713,60,Male,Other,Low,0
1714,33,Male,White,Medium,1
1715,53,Male,Hispanic,Medium,0
1716,52,Female,White,Low,1
1717,48,Male,White,Medium,0
1718,44,Female,Black,Low,0
1719,62,Male,Other,Medium,0
1720,48,Female,White,High,1
1721,50,Female,White,Medium,1
1722,61,Male,White,Low,1
1723,49,Female,White,Low,0
1724,54,Male,Black,Low,1
1725,71,Female,Hispanic,Medium,1
1726,42,Female,Hispanic,Medium,0
1727,45,Male,White,High,1
1728,34,Female,Asian,Medium,1
1729,30,Female,White,Medium,0
1730,30,Non-binary,Hispanic,Medium,0
1731,28,Female,White,Medium,1
1732,34,Male,Asian,Low,0
1733,65,Female,Hispanic,Medium,1
1734,58,Female,Asian,Medium,1
1735,52,Female,White,Medium,0
1736,65,Female,Black,Low,0
1737,52,Male,Hispanic,Low,1
1738,23,Male,Hispanic,Low,1
1739,40,Female,White,Low,0
1740,33,Female,White,High,1
1741,43,Male,White,Medium,0
1742,39,Non-binary,White,Medium,0
1743,36,Female,Hispanic,Medium,0
1744,56,Female,Hispanic,Medium,0
1745,55,Female,White,High,1
1746,67,Female,Asian,Medium,0
1747,67,Female,White,Medium,1
1748,70,Female,White,Medium,1
1749,27,Male,White,High,1
1750,57,Male,Hispanic,High,1
1751,28,Male,Hispanic,High,0
1752,45,Male,White,Low,0
1753,43,Male,Black,Low,0
1754,30,Female,White,Low,0
1755,50,Female,White,Medium,1
1756,53,Male,White,Medium,0
1757,31,Female,White,Low,1
1758,55,Female,Hispanic,Medium,1
1759,47,Male,Black,Low,1
1760,23,Female,White,High,1
1761,67,Male,White,Low,1
1762,69,Female,White,Medium,1
1763,70,Male,White,Medium,0
1764,28,Female,White,Medium,0
1765,33,Female,White,Low,0
1766,62,Male,Hispanic,High,0
1767,23,Non-binary,White,Medium,0
1768,40,Male,White,High,1
1769,66,Female,Asian,High,1
1770,65,Female,White,Medium,0
1771,55,Female,White,High,1
1772,33,Male,White,High,1
1773,40,Male,White,High,1
1774,44,Female,White,High,1
1775,29,Male,White,High,0
1776,50,Female,Hispanic,Medium,0
1777,45,Female,Hispanic,Low,0
1778,36,Female,Black,High,0
1779,28,Male,White,Medium,1
1780,64,Female,White,Low,0
1781,48,Female,White,Medium,1
1782,32,Female,White,Medium,1
1783,71,Female,White,Medium,0
1784,44,Male,White,Low,0
1785,69,Male,White,Low,0
1786,49,Male,White,Medium,1
1787,35,Female,White,Medium,0
1788,38,Male,White,Medium,1
1789,27,Female,White,Medium,0
1790,33,Female,White,Medium,1
1791,39,Female,White,Low,0
1792,68,Male,White,Low,1
1793,63,Female,White,Medium,1
1794,25,Female,White,Medium,0
1795,46,Male,White,Low,1
1796,22,Male,Hispanic,Medium,0
1797,53,Female,White,High,1
1798,68,Male,White,High,0
1799,57,Male,White,Medium,0
1800,45,Male,White,Low,1
1801,45,Male,White,Low,1
1802,59,Female,Other,Low,0
1803,50,Female,Hispanic,Low,1
1804,61,Female,White,Medium,1
1805,24,Female,Black,Medium,1
1806,39,Female,White,Low,1
1807,47,Female,White,High,1
1808,67,Male,Hispanic,Medium,0
1809,59,Female,White,Medium,1
1810,44,Male,White,High,0
1811,70,Male,Black,Medium,0
1812,57,Male,White,High,0
1813,45,Male,Other,Low,1
1814,49,Male,Hispanic,Low,1
1815,51,Male,Hispanic,Medium,1
1816,65,Female,White,Medium,1
1817,55,Male,White,Low,1
1818,48,Female,Hispanic,Medium,0
1819,58,Female,Other,Low,0
1820,64,Female,White,Medium,0
1821,70,Male,Other,Medium,0
1822,70,Female,White,Medium,0
1823,24,Male,White,Medium,0
1824,48,Female,White,High,0
1825,51,Female,White,Medium,0
1826,43,Male,Hispanic,High,1
1827,34,Male,White,Low,1
1828,48,Male,Asian,Medium,0
1829,34,Female,White,Medium,1
1830,21,Female,White,High,0
1831,63,Female,Hispanic,Medium,0
1832,52,Male,White,Medium,0
1833,61,Male,Hispanic,Low,1
1834,38,Male,White,High,1
1835,25,Female,White,Low,1
1836,62,Male,Black,Low,0
1837,35,Male,Asian,Low,1
1838,62,Female,White,Medium,0
1839,36,Female,Black,Medium,0
1840,56,Female,Hispanic,Low,0
1841,56,Male,White,Low,0
1842,60,Female,Hispanic,Medium,0
1843,50,Female,White,High,1
1844,58,Female,White,Medium,0
1845,43,Male,White,Medium,1
1846,31,Male,White,Medium,1
1847,45,Male,White,Medium,1
1848,65,Female,White,High,1
1849,71,Male,White,Medium,1
1850,63,Female,Black,Medium,0
1851,22,Female,White,High,1
1852,55,Female,Black,High,0
1853,67,Male,White,Low,1
1854,44,Female,Hispanic,Medium,0
1855,33,Female,White,Medium,0
1856,62,Male,White,Medium,1
1857,57,Non-binary,White,Medium,0
1858,50,Male,White,Medium,1
1859,31,Female,White,Low,0
1860,43,Male,Hispanic,Medium,0
1861,66,Female,Asian,High,1
1862,48,Female,Hispanic,Medium,0
1863,49,Male,White,High,0
1864,35,Female,White,Medium,1
1865,65,Female,Asian,Medium,0
1866,23,Female,White,High,1
1867,29,Male,Asian,Low,0
1868,28,Male,White,Medium,0
1869,67,Female,Other,Medium,0
1870,53,Male,Asian,Medium,1
1871,54,Female,Black,Low,0
1872,29,Male,White,Low,0
1873,37,Male,White,Low,1
1874,61,Female,Asian,Medium,0
1875,21,Female,Hispanic,High,0
1876,60,Female,White,High,1
1877,25,Female,White,Low,0
1878,50,Female,Hispanic,Medium,0
1879,31,Female,White,Low,1
1880,48,Non-binary,Hispanic,Medium,0
1881,58,Female,Hispanic,High,0
1882,37,Female,Asian,High,1
1883,70,Male,White,Low,1
1884,43,Female,White,Low,1
1885,38,Male,White,Low,1
1886,57,Male,Asian,Medium,0
1887,47,Male,White,Medium,0
1888,45,Male,White,Medium,1
1889,25,Male,White,Medium,1
1890,39,Female,White,Medium,1
1891,47,Female,Hispanic,Low,0
1892,33,Male,Hispanic,Low,0
1893,27,Female,Black,Low,0
1894,46,Female,White,Medium,1
1895,34,Female,Asian,High,1
1896,47,Male,White,Medium,1
1897,28,Female,Black,Low,0
1898,51,Male,White,Medium,1
1899,55,Male,White,Low,1
1900,47,Male,White,Low,0
1901,24,Female,White,Medium,0
1902,62,Female,Black,Medium,0
1903,24,Male,White,Medium,0
1904,38,Male,White,Medium,0
1905,43,Female,Hispanic,Low,0
1906,52,Female,White,Low,0
1907,32,Male,White,Low,0
1908,40,Female,White,Low,0
1909,67,Non-binary,Hispanic,Low,0
1910,65,Male,White,Medium,1
1911,32,Female,Other,Low,1
1912,28,Male,White,High,1
1913,42,Female,White,Medium,0
1914,47,Male,White,Medium,0
1915,61,Male,Black,Medium,0
1916,61,Female,White,Medium,1
1917,37,Female,Black,Medium,0
1918,52,Male,White,Low,1
1919,53,Male,White,High,1
1920,51,Male,Hispanic,Low,0
1921,26,Female,Hispanic,High,1
1922,59,Female,White,Low,1
1923,29,Female,Black,Medium,0
1924,62,Female,Black,Medium,1
1925,52,Female,White,Medium,0
1926,56,Female,White,Low,1
1927,36,Female,White,Low,1
1928,32,Female,White,Medium,1
1929,61,Female,Hispanic,High,0
1930,23,Male,White,Medium,1
1931,47,Male,White,Medium,1
1932,47,Male,White,Low,1
1933,29,Female,Other,Medium,1
1934,37,Male,Hispanic,Low,0
1935,66,Male,White,Low,1
1936,25,Non-binary,White,Medium,0
1937,46,Female,White,Medium,0
1938,41,Non-binary,Black,Low,0
1939,21,Male,White,Low,1
1940,21,Female,Other,Medium,0
1941,55,Male,White,Low,1
1942,29,Male,Black,High,0
1943,43,Male,Hispanic,Medium,0
1944,58,Female,Hispanic,Low,0
1945,61,Male,White,Medium,0
1946,24,Female,Black,Medium,0
1947,39,Female,White,Medium,1
1948,57,Male,White,Medium,0
1949,25,Male,Asian,Low,1
1950,48,Male,Asian,Medium,0
1951,66,Female,Hispanic,Medium,0
1952,62,Male,White,Medium,1
1953,68,Male,Hispanic,Medium,0
1954,43,Male,White,Medium,1
1955,58,Female,White,Medium,1
1956,43,Male,Black,Medium,0
1957,66,Male,White,Medium,0
1958,38,Male,Other,Medium,1
1959,49,Female,White,Low,0
1960,48,Male,White,Medium,1
1961,29,Female,Black,Medium,0
1962,59,Male,Hispanic,Low,1
1963,70,Female,White,High,0
1964,30,Female,White,Medium,1
1965,22,Female,Hispanic,Medium,0
1966,33,Male,White,Low,0
1967,58,Male,White,Medium,0
1968,47,Male,Black,Medium,0
1969,61,Female,White,Low,1
1970,40,Female,Other,Medium,0
1971,60,Male,Black,High,1
1972,30,Female,Other,Medium,0
1973,36,Male,White,Medium,1
1974,35,Female,Other,Medium,1
1975,33,Male,White,Low,1
1976,70,Male,White,High,1
1977,58,Male,White,High,1
1978,40,Female,White,Medium,0
1979,44,Female,White,Low,0
1980,61,Female,White,Low,1
1981,70,Female,White,Low,0
1982,27,Male,White,Medium,1
1983,43,Male,Black,Low,1
1984,44,Male,White,Medium,1
1985,49,Female,Hispanic,Medium,1
1986,25,Female,Black,Low,1
1987,63,Female,Asian,Medium,1
1988,65,Female,White,Low,0
1989,55,Male,Other,High,0
1990,21,Female,White,Medium,1
1991,56,Male,Other,Medium,1
1992,71,Female,White,Low,1
1993,38,Male,Hispanic,High,1
1994,26,Female,Hispanic,Medium,1
1995,43,Female,White,Medium,1
1996,30,Male,White,Low,0
1997,27,Female,Hispanic,Medium,0
1998,64,Male,White,Low,1
1999,28,Male,White,High,1
2000,33,Female,Black,High,0
2001,50,Female,White,Medium,0
2002,38,Male,Hispanic,High,1
2003,34,Male,White,Low,0
2004,31,Female,White,Low,0
2005,62,Female,White,Low,1
2006,58,Male,Black,Low,0
2007,33,Female,Other,High,1
2008,62,Female,White,Low,0
2009,64,Male,White,High,1
2010,53,Male,White,Medium,1
2011,70,Male,Hispanic,Medium,0
2012,33,Female,White,Low,0
2013,45,Male,White,Low,1
2014,44,Non-binary,White,Low,1
2015,49,Male,White,Medium,1
2016,56,Female,White,Medium,1
2017,26,Male,White,Medium,1
2018,38,Female,Hispanic,Medium,0
2019,48,Female,Asian,Medium,1
2020,25,Male,Hispanic,Low,0
2021,38,Female,White,Medium,0
2022,57,Male,White,Medium,1
2023,27,Female,White,Low,0
2024,29,Female,Hispanic,Medium,0
2025,55,Female,Black,High,1
2026,32,Female,Asian,High,0
2027,66,Female,White,Low,0
2028,60,Non-binary,Hispanic,Medium,0
2029,64,Male,Black,Low,1
2030,59,Male,White,High,1
2031,44,Female,Black,Low,0
2032,29,Female,Asian,Low,0
2033,32,Female,Asian,High,0
2034,56,Male,Hispanic,High,1
2035,57,Female,White,Medium,1
2036,29,Non-binary,Hispanic,Low,1
2037,59,Male,Black,Medium,1
2038,66,Male,White,Medium,0
2039,42,Male,White,Medium,1
2040,37,Male,White,Low,1
2041,53,Female,White,Low,1
2042,67,Female,Hispanic,High,0
2043,44,Male,White,Medium,1
2044,35,Female,White,Medium,0
2045,49,Female,White,Medium,0
2046,52,Male,White,Medium,0
2047,53,Female,White,High,1
2048,49,Female,White,Medium,1
2049,35,Female,White,Medium,1
2050,47,Male,Black,Low,0
2051,54,Female,White,Low,0
2052,24,Male,White,Medium,1
2053,69,Male,White,High,1
2054,68,Male,White,Medium,0
2055,38,Male,White,Low,1
2056,41,Male,White,Low,1
2057,68,Male,White,High,1
2058,28,Female,White,Low,0
2059,26,Female,White,Medium,0
2060,40,Male,Hispanic,Low,0
2061,22,Male,White,High,1
2062,71,Female,Hispanic,High,1
2063,65,Male,Hispanic,Low,0
2064,42,Male,Hispanic,Medium,0
2065,41,Female,White,Low,0
2066,26,Male,Hispanic,Low,0
2067,52,Male,White,Medium,1
2068,26,Male,White,Medium,0
2069,33,Male,White,Medium,0
2070,21,Female,Asian,Medium,0
2071,42,Male,White,Low,0
2072,44,Female,Asian,Low,1
2073,61,Female,White,Medium,0
2074,50,Male,Asian,Medium,0
2075,42,Male,Asian,Medium,1
2076,64,Female,Asian,Medium,1
2077,32,Female,White,High,0
2078,46,Male,Hispanic,Medium,1
2079,24,Male,Other,Low,0
2080,39,Female,White,Medium,1
2081,36,Male,White,Medium,0
2082,32,Male,Hispanic,Medium,0
2083,53,Male,White,Medium,1
2084,41,Male,Hispanic,Medium,0
2085,56,Male,White,Low,0
2086,29,Female,White,Medium,1
2087,59,Female,White,Low,1
2088,62,Female,White,Medium,0
2089,65,Male,White,Medium,0
2090,28,Male,Hispanic,Medium,0
2091,40,Female,White,Medium,0
2092,30,Male,Hispanic,Low,1
2093,52,Male,Hispanic,High,0
2094,48,Male,White,Medium,0
2095,30,Male,White,Medium,1
2096,28,Female,White,Low,0
2097,67,Female,White,Low,0
2098,53,Male,White,Medium,0
2099,67,Female,White,Medium,0
2100,69,Male,Other,Low,0
2101,33,Male,White,Medium,1
2102,64,Male,White,Medium,0
2103,55,Female,Other,Medium,0
2104,71,Male,Hispanic,Medium,1
2105,49,Male,Hispanic,High,1
2106,25,Male,Hispanic,Low,0
2107,23,Male,White,Medium,0
2108,57,Female,Asian,Low,1
2109,61,Female,Asian,Medium,1
2110,26,Female,White,Medium,1
2111,68,Female,White,Low,1
2112,62,Female,White,Medium,1
2113,36,Male,White,High,1
2114,55,Male,White,Low,0
2115,38,Male,Black,Medium,0
2116,31,Male,White,High,1
2117,71,Male,White,Medium,0
2118,43,Male,White,Medium,0
2119,67,Male,Hispanic,High,1
2120,31,Female,White,Low,1
2121,49,Female,White,Low,0
2122,62,Male,Black,Medium,0
2123,47,Male,White,Medium,1
2124,29,Female,White,Low,1
2125,55,Male,White,Medium,0
2126,29,Male,Hispanic,Medium,1
2127,38,Male,Black,High,0
2128,64,Female,White,Medium,0
2129,41,Female,White,High,1
2130,68,Female,Black,High,1
2131,56,Male,Hispanic,Medium,1
2132,21,Male,Black,Medium,1
2133,47,Male,Hispanic,Medium,1
2134,65,Female,White,Low,0
2135,60,Female,Hispanic,Medium,0
2136,58,Male,Asian,Medium,0
2137,49,Female,Hispanic,Medium,0
2138,60,Male,Asian,Medium,0
2139,39,Non-binary,White,Medium,0
2140,44,Female,Asian,Medium,1
2141,64,Male,Black,Medium,0
2142,21,Female,Hispanic,Low,1
2143,56,Female,White,Medium,1
2144,43,Male,Black,High,0
2145,33,Female,Hispanic,Medium,0
2146,50,Female,White,Low,0
2147,69,Male,Black,Medium,0
2148,71,Female,Hispanic,High,1
2149,71,Female,White,Low,0
2150,57,Male,White,Low,1
2151,31,Male,White,Low,1
2152,27,Female,White,Medium,1
2153,55,Male,White,Medium,0
2154,31,Female,White,Low,1
2155,69,Male,White,Medium,1
2156,63,Male,White,Low,0
2157,67,Male,White,Medium,0
2158,71,Female,Hispanic,Medium,0
2159,60,Female,White,Medium,1
2160,68,Male,Hispanic,Low,0
2161,41,Male,White,Medium,0
2162,67,Female,White,Medium,1
2163,23,Male,White,Medium,1
2164,50,Male,Hispanic,Medium,0
2165,44,Male,Hispanic,Medium,0
2166,58,Male,Hispanic,Low,0
2167,23,Male,White,Low,0
2168,57,Male,Hispanic,Low,0
2169,53,Male,White,Medium,1
2170,42,Female,Hispanic,Medium,0
2171,51,Male,White,Medium,1
2172,66,Female,White,Medium,1
2173,32,Female,White,High,1
2174,65,Male,Black,Medium,0
2175,34,Female,White,Medium,1
2176,32,Male,White,High,1
2177,47,Male,White,Low,0
2178,33,Female,Other,Medium,0
2179,44,Female,White,Low,1
2180,58,Female,Hispanic,High,0
2181,67,Female,Other,Medium,0
2182,68,Male,Asian,Low,1
2183,29,Male,Hispanic,Medium,0
2184,28,Male,Asian,Low,1
2185,57,Female,White,High,0
2186,35,Female,White,Medium,0
2187,27,Female,Black,Medium,0
2188,44,Male,White,Medium,0
2189,69,Male,White,Medium,1
2190,36,Female,Black,High,1
2191,44,Female,White,Medium,1
2192,63,Male,Hispanic,High,1
2193,27,Male,Black,Low,0
2194,63,Male,White,High,1
2195,48,Male,White,Medium,1
2196,22,Female,White,High,1
2197,54,Female,Other,Medium,1
2198,58,Female,White,Low,0
2199,23,Male,White,Medium,0
2200,21,Male,Black,Low,0
2201,51,Male,White,Medium,1
2202,43,Female,White,Medium,1
2203,40,Female,White,Low,1
2204,36,Male,White,High,0
2205,66,Male,White,High,1
2206,52,Male,Hispanic,High,0
2207,37,Male,White,Medium,0
2208,38,Female,White,Medium,0
2209,24,Female,White,Medium,1
2210,55,Male,White,Low,1
2211,60,Female,Asian,High,1
2212,56,Female,White,High,1
2213,43,Male,Other,Medium,1
2214,35,Male,White,High,1
2215,33,Female,Hispanic,Medium,0
2216,34,Female,White,Medium,0
2217,34,Male,White,High,1
2218,57,Female,White,Medium,1
2219,25,Male,Black,Medium,0
2220,42,Female,White,Medium,0
2221,48,Female,White,Medium,0
2222,65,Female,Hispanic,Medium,0
2223,24,Female,White,Medium,0
2224,70,Male,White,Medium,1
2225,58,Female,Hispanic,Medium,1
2226,49,Female,White,Medium,1
2227,57,Female,Hispanic,High,0
2228,55,Female,White,Low,1
2229,40,Female,White,Low,0
2230,55,Male,White,Low,0
2231,55,Male,Asian,High,1
2232,40,Female,Asian,Medium,0
2233,22,Female,Other,High,1
2234,38,Female,White,Medium,0
2235,50,Female,Hispanic,Medium,0
2236,62,Female,White,Medium,1
2237,49,Female,White,Low,1
2238,59,Male,Hispanic,Medium,1
2239,42,Female,White,Medium,0
2240,49,Male,White,Low,1
2241,66,Male,White,Medium,0
2242,30,Male,Hispanic,Low,1
2243,40,Male,White,Low,0
2244,36,Male,White,Medium,0
2245,26,Male,Other,Medium,0
2246,37,Male,White,Low,1
2247,26,Male,White,Medium,0
2248,42,Female,Black,Low,1
2249,38,Female,Hispanic,Medium,1
2250,52,Female,White,Medium,1
2251,48,Female,Black,High,1
2252,62,Male,White,Medium,0
2253,30,Female,White,Low,1
2254,61,Male,White,Low,0
2255,42,Male,White,Low,1
2256,48,Female,White,High,1
2257,35,Female,Asian,Medium,1
2258,63,Female,Hispanic,Low,1
2259,49,Female,Asian,Low,1
2260,27,Male,Black,Medium,0
2261,70,Female,White,Low,0
2262,54,Female,White,Medium,1
2263,52,Female,Asian,Medium,1
2264,22,Female,Black,Medium,1
2265,46,Male,Other,Medium,0
2266,65,Male,White,Low,0
2267,31,Male,White,Medium,0
2268,45,Male,White,Medium,1
2269,39,Male,White,Medium,1
2270,40,Male,White,Medium,1
2271,53,Female,White,High,0
2272,37,Female,Black,Low,1
2273,50,Female,White,Medium,0
2274,38,Male,White,Medium,1
2275,52,Male,Hispanic,Medium,0
2276,60,Female,White,Low,1
2277,65,Male,White,Medium,0
2278,24,Female,White,Low,1
2279,52,Female,Asian,Low,0
2280,39,Male,White,Medium,1
2281,23,Female,Asian,Medium,1
2282,58,Male,White,High,1
2283,48,Female,White,Medium,0
2284,58,Male,White,Medium,1
2285,26,Male,White,Medium,1
2286,60,Female,White,Medium,1
2287,37,Female,Black,Low,1
2288,62,Female,White,Low,0
2289,25,Female,Black,Low,1
2290,39,Female,Hispanic,Medium,0
2291,63,Female,Black,High,0
2292,62,Non-binary,White,Medium,0
2293,55,Female,Other,High,1
2294,42,Female,White,High,1
2295,44,Female,White,Medium,0
2296,30,Female,Hispanic,Low,0
2297,22,Male,White,Medium,1
2298,48,Male,Hispanic,High,1
2299,61,Female,White,Medium,0
2300,57,Female,White,Medium,1
2301,37,Female,White,Low,0
2302,26,Male,White,Medium,1
2303,63,Male,White,Medium,1
2304,25,Male,White,Medium,1
2305,59,Male,Hispanic,High,1
2306,27,Female,Hispanic,Low,1
2307,52,Female,Hispanic,High,0
2308,24,Male,Hispanic,Low,0
2309,41,Female,White,High,0
2310,62,Male,Hispanic,Medium,0
2311,52,Non-binary,White,Medium,1
2312,38,Female,White,Low,1
2313,53,Male,Hispanic,Medium,0
2314,34,Non-binary,White,High,1
2315,26,Female,Hispanic,Low,0
2316,31,Male,White,Low,0
2317,66,Female,White,Medium,1
2318,40,Male,White,Low,0
2319,49,Female,White,Low,0
2320,55,Female,Asian,Medium,1
2321,36,Female,Other,Low,1
2322,68,Male,White,Medium,0
2323,27,Male,White,High,1
2324,60,Male,White,Medium,1
2325,56,Male,Hispanic,Low,0
2326,64,Male,White,Medium,0
2327,64,Female,Asian,Medium,0
2328,51,Female,Black,Medium,0
2329,62,Female,Asian,Medium,0
2330,64,Male,White,High,0
2331,63,Male,Black,Medium,1
2332,63,Male,Black,Low,0
2333,67,Male,Hispanic,Medium,1
2334,26,Male,Hispanic,Medium,1
2335,49,Male,Black,High,0
2336,47,Female,Black,High,1
2337,63,Female,Asian,Medium,0
2338,22,Male,Asian,Medium,1
2339,42,Female,Black,Medium,0
2340,29,Male,White,Medium,1
2341,31,Female,White,Low,1
2342,36,Male,Hispanic,Medium,0
2343,65,Male,White,Medium,1
2344,33,Male,White,Medium,1
2345,38,Male,White,Medium,0
2346,45,Female,Black,Medium,0
2347,53,Non-binary,White,Medium,1
2348,30,Female,White,Medium,1
2349,50,Male,White,Medium,1
2350,71,Female,Hispanic,Medium,0
2351,69,Female,Asian,Low,0
2352,21,Female,White,Low,1
2353,53,Female,White,Low,0
2354,69,Female,Black,Low,1
2355,35,Female,Hispanic,Medium,0
2356,49,Female,Hispanic,Medium,0
2357,22,Male,Hispanic,Low,1
2358,31,Male,Hispanic,Medium,0
2359,54,Female,White,Medium,0
2360,61,Female,White,Medium,0
2361,39,Male,Black,Low,0
2362,22,Non-binary,Hispanic,Low,0
2363,68,Male,Black,Medium,0
2364,40,Male,Other,High,1
2365,61,Male,Hispanic,Low,1
2366,51,Female,Hispanic,Medium,1
2367,24,Male,White,High,1
2368,49,Female,White,Medium,0
2369,50,Male,Hispanic,Medium,0
2370,33,Female,White,Medium,0
2371,35,Female,White,High,1
2372,40,Male,Asian,Medium,1
2373,54,Female,Asian,High,0
2374,48,Female,White,Medium,1
2375,40,Male,Hispanic,High,0
2376,70,Female,White,High,0
2377,45,Male,White,Medium,0
2378,47,Male,Black,Medium,0
2379,50,Female,Hispanic,Medium,0
2380,61,Female,White,Medium,0
2381,40,Male,White,High,1
2382,21,Male,White,Low,0
2383,55,Female,Other,Medium,0
2384,69,Female,Black,Medium,0
2385,63,Male,White,Medium,1
2386,44,Female,White,Medium,0
2387,45,Male,Black,Low,0
2388,60,Male,Black,Medium,1
2389,32,Female,Hispanic,Medium,0
2390,31,Female,White,High,1
2391,50,Male,Other,Low,0
2392,33,Female,White,Medium,1
2393,67,Male,White,Medium,1
2394,45,Female,White,Medium,0
2395,45,Male,White,Medium,0
2396,37,Male,Asian,Low,1
2397,32,Male,Hispanic,Medium,1
2398,71,Female,White,Medium,1
2399,31,Male,White,Medium,1
2400,30,Male,White,Medium,0
2401,37,Male,White,Medium,0
2402,65,Female,Hispanic,High,0
2403,36,Male,Hispanic,Medium,0
2404,40,Female,White,Medium,0
2405,69,Male,White,High,1
2406,25,Female,White,High,0
2407,61,Female,Asian,Medium,1
2408,52,Female,White,Medium,0
2409,47,Female,White,Medium,1
2410,24,Female,White,Medium,1
2411,61,Female,White,Low,1
2412,68,Male,White,Medium,0
2413,27,Female,Hispanic,Medium,1
2414,66,Female,Other,Low,1
2415,34,Male,White,High,0
2416,59,Male,White,Medium,0
2417,44,Female,Black,Medium,1
2418,68,Female,Hispanic,Medium,1
2419,38,Male,White,Low,1
2420,58,Female,Hispanic,High,0
2421,59,Male,Hispanic,Medium,0
2422,71,Male,White,Medium,1
2423,60,Female,White,Medium,0
2424,21,Female,Hispanic,Medium,1
2425,37,Female,Black,Medium,1
2426,46,Male,White,Low,0
2427,71,Female,White,Low,1
2428,42,Male,White,Medium,0
2429,59,Female,Hispanic,Medium,0
2430,38,Male,White,Medium,1
2431,58,Male,White,Low,1
2432,48,Female,Hispanic,Low,0
2433,41,Male,White,Medium,0
2434,58,Female,Hispanic,Medium,0
2435,53,Male,White,Low,1
2436,50,Male,White,Medium,1
2437,62,Male,White,Low,0
2438,28,Female,Other,Medium,1
2439,50,Male,Hispanic,Medium,1
2440,59,Female,White,High,0
2441,29,Female,Other,Low,1
2442,53,Male,Hispanic,Medium,1
2443,63,Female,White,High,0
2444,49,Male,White,Medium,0
2445,51,Female,White,Medium,1
2446,23,Male,Black,Medium,1
2447,70,Male,Black,Low,1
2448,58,Male,White,Medium,1
2449,31,Female,White,High,1
2450,25,Female,White,Medium,0
2451,51,Female,White,Medium,0
2452,40,Female,White,Medium,0
2453,24,Male,White,Medium,0
2454,28,Male,White,Medium,1
2455,62,Female,Asian,Low,0
2456,55,Female,White,Medium,1
2457,33,Male,White,Medium,0
2458,69,Male,White,High,1
2459,25,Female,White,Medium,1
2460,60,Male,Hispanic,Medium,0
2461,39,Female,Black,Low,1
2462,38,Female,White,Low,0
2463,53,Female,White,Medium,0
2464,24,Male,White,Medium,0
2465,38,Male,White,Medium,0
2466,66,Male,Black,Medium,0
2467,44,Female,White,High,1
2468,63,Non-binary,Hispanic,Low,0
2469,49,Female,White,Medium,1
2470,51,Female,White,Medium,0
2471,48,Male,White,Medium,1
2472,29,Female,Other,High,1
2473,65,Male,White,Medium,1
2474,46,Female,White,Medium,0
2475,69,Female,White,Medium,1
2476,67,Female,Black,Medium,1
2477,22,Female,White,Low,1
2478,26,Male,Asian,High,1
2479,49,Female,Black,Low,1
2480,46,Male,Hispanic,Medium,1
2481,48,Female,White,Medium,0
2482,27,Female,Hispanic,High,1
2483,54,Male,White,Medium,1
2484,65,Male,White,Medium,0
2485,30,Male,Asian,Medium,1
2486,68,Male,White,Medium,0
2487,61,Female,Asian,Medium,1
2488,60,Male,White,High,1
2489,67,Female,Other,Low,1
2490,42,Male,White,Medium,1
2491,47,Female,Hispanic,Medium,0
2492,59,Female,White,Medium,1
2493,42,Male,White,Medium,0
2494,39,Female,Hispanic,Low,0
2495,56,Female,Hispanic,Low,1
2496,29,Male,White,Medium,0
2497,39,Female,White,Medium,0
2498,22,Male,White,Medium,1
2499,48,Male,White,Medium,1
2500,59,Female,White,Medium,0
